Lead ID,Business Name,Email,Website,Industry,Country,Status,Emails Sent,Last Email Date,Last Subject,Next Follow-up,Source,Notes
RR-20260906-001,Law Office of KG,kim@lawofficeofkg.com,www.lawofficeofkg.com,Law,US,Contacted,1,2026-09-06,Quick SEO idea for Law Office of KG ,2026-09-09,Zoho contact@rankray.com,
RR-20260906-002,Build It ATX,sales@builditatx.com,builditatx.com,Home Services,US,Contacted,1,2026-09-06,Ranking for deck and fence searches ,2026-09-09,Zoho contact@rankray.com,
RR-20260906-003,Smiles by Dr Jackie,staff@jackieobeirnedental.com,smilesbydrjackie.com,Dental,US,Contacted,1,2026-09-06,Quick SEO idea for Smiles by Dr. Jac,2026-09-09,Zoho contact@rankray.com,
RR-20260906-004,Hey Dental,reception@heydental.ae,heydental.ae,Dental,UAE,Contacted,1,2026-09-06,SEO retainer idea for Hey Dental (JL,2026-09-09,Zoho contact@rankray.com,
RR-20260906-005,Isaacson & Partners,info@isaacsonpartners.com,isaacsonpartners.com,Law,UK,Contacted,1,2026-09-06,Quick SEO idea for Isaacson & Partne,2026-09-09,Zoho contact@rankray.com,
RR-20260906-006,Sarcee Family Dental,info@sarceefamilydental.com,www.sarceefamilydental.com,Dental,CA,Contacted,1,2026-09-06,Quick SEO idea for Sarcee Family Den,2026-09-09,Zoho contact@rankray.com,
RR-20260906-007,Sterling Prime Properties,info@sterlingprime.ae,sterlingprime.ae,Real Estate,UAE,Contacted,1,2026-09-06,SEO idea for Sterling Prime Properti,2026-09-09,Zoho contact@rankray.com,
RR-20260906-008,SD Plumbing & Heating,info@sdplumbingandheating.com,www.sdplumbingandheating.com,Home Services,UK,Contacted,1,2026-09-06,Quick SEO idea for SD Plumbing Edinb,2026-09-09,Zoho contact@rankray.com,
RR-20260906-009,Kapow Meggings,info@kapowmeggings.com,kapowmeggings.co.uk,Ecommerce,UK,Contacted,1,2026-09-06,SEO retainer idea for Kapow Meggings,2026-09-09,Zoho contact@rankray.com,
RR-20260906-010,RealWorth Properties,info@realworthproperties.com,realworthproperties.com,Real Estate,UAE,Contacted,1,2026-09-06,SEO retainer idea for RealWorth Prop,2026-09-09,Zoho contact@rankray.com,
RR-20260906-011,Austin Buyers Agents,luke@austinbuyersagents.com,austinbuyersagents.com.au,Real Estate,AU,Contacted,1,2026-09-06,SEO for Austin Buyers Agents,2026-09-09,Zoho contact@rankray.com,
RR-20260906-012,ELITEMVMT,brandon@elitemvmt.com,elitemvmt.com,Clinic,CA,Contacted,1,2026-09-06,SEO for ELITE MVMT,2026-09-09,Zoho contact@rankray.com,
RR-20260906-013,Koman Dental Denver,Frontdesk@komandentaldenver.com,komandentaldenver.com,Dental,US,Contacted,1,2026-09-06,Quick idea for Koman Dental implant ,2026-09-09,Zoho contact@rankray.com,
RR-20260906-014,ATX Family Dental,info@atxfamilydental.com,www.atxfamilydental.com,Dental,US,Contacted,1,2026-09-06,Independent Austin dentistry search ,2026-09-09,Zoho contact@rankray.com,
RR-20260906-015,Louisa Gallegos DDS,frontoffice@happysmileeat.com,www.louisagallegosdds.com,Dental,US,Contacted,1,2026-09-06,Prosthodontics searches in Cherry Cr,2026-09-09,Zoho contact@rankray.com,
RR-20260906-016,Dentique,info@dentiqueaz.com,dentiqueaz.com,Dental,US,Contacted,1,2026-09-06,Turning Dentique awards into Phoenix,2026-09-09,Zoho contact@rankray.com,
RR-20260906-017,Kevin Ortale DDS,drortale@gmail.com,www.kevinortaledds.com,Dental,US,Contacted,1,2026-09-06,Independent Phoenix dentist Maps ide,2026-09-09,Zoho contact@rankray.com,
RR-20260906-018,Northern Smiles,northernsmiles@gmail.com,northernsmilesdentistry.com,Dental,US,Contacted,1,2026-09-06,Family + ortho searches in North Pho,2026-09-09,Zoho contact@rankray.com,
RR-20260906-019,Action Legal Group,info@actionlegalgroup.com,www.actionlegalgroup.com,Law,US,Contacted,1,2026-09-06,Organic leads for Tampa Chicago inju,2026-09-09,Zoho contact@rankray.com,
RR-20260906-020,Slomyanski Law,info@slomyanskilaw.com,www.slomyanskilaw.com,Law,CA,Contacted,1,2026-09-06,Toronto injury search visibility,2026-09-09,Zoho contact@rankray.com,
RR-20260906-021,Harris Heating,info@harrisheating.co.uk,www.harrisheating.co.uk,Home Services,UK,Contacted,1,2026-09-06,Boiler plumber Leeds organic calls,2026-09-09,Zoho contact@rankray.com,
RR-20260906-022,AD Plumbing,contact@plumbingmanchester.co.uk,plumbingmanchester.co.uk,Home Services,UK,Contacted,1,2026-09-06,24/7 Manchester plumbing searches,2026-09-09,Zoho contact@rankray.com,
RR-20260906-023,Kita Dental,info@kitadental.com.au,kitadental.com.au,Dental,AU,Contacted,1,2026-09-06,All-on-4 implant searches for Kita D,2026-09-09,Zoho contact@rankray.com,
RR-20260906-024,Mathew Law Group,info@mathew.law,www.mathew.law,Law,US,Bounced,0,,,,Zoho contact@rankray.com,
RR-20260906-025,Assiff Law,n.assiff@assifflaw.com,assifflaw.com,Law,CA,New,0,,,,Zoho contact@rankray.com,
RR-20260906-026,Meliora Dental,info@melioradental.co.uk,www.melioradental.co.uk,Dental,UK,New,0,,,,Zoho contact@rankray.com,
RR-20260906-027,Swinton Plumbing,Sean.kelly@swintonplumbingandelectrical.co.uk,swintonplumbingandelectrical.co.uk,Home Services,UK,New,0,,,,Zoho contact@rankray.com,
RR-20260906-028,Rex Medical Centre,info@rexmedicalcentre.com,www.rexmedicalcentre.com,Dental,UAE,New,0,,,,Zoho contact@rankray.com,
RR-20260906-029,Melbourne Dental Implants,admin@melbournedentalimplantsstudio.com.au,www.melbournedentalimplantsstudio.com.au,Dental,AU,New,0,,,,Zoho contact@rankray.com,
RR-20260906-030,Magnum Dental,contact@magnumclinic.ae,www.magnumclinic.ae,Dental,UAE,New,0,,,,Zoho contact@rankray.com,
RR-20260906-031,Brothers Plumbing,service@brothersplumbing.com,www.brothersplumbing.com,Home Services,US,New,0,,,,Zoho contact@rankray.com,
RR-20260906-032,Dr John Michalopoulos,enquiries@drjm.com.au,drjm.com.au,Dental,AU,New,0,,,,Zoho contact@rankray.com,
RR-20260906-033,lakeFS,info@lakefs.io,www.lakefs.io,Technology / SaaS,Other,New,0,,,,Legacy Lead Tracker,
RR-20260906-034,APERIO,info@aperio.ai,www.aperio.ai,Technology / SaaS,Other,New,0,,,,Legacy Lead Tracker,
RR-20260906-035,ArcSpan Technologies,info@arcspan.com,www.arcspan.com,Beauty & Wellness,Other,New,0,,,,Legacy Lead Tracker,
RR-20260906-036,The Souled Store,info@thesouledstore.com,www.thesouledstore.com,E-commerce / Fashion,Other,New,0,,,,Legacy Lead Tracker,
RR-20260906-037,Bewakoof,info@bewakoof.com,www.bewakoof.com,Technology / SaaS,Other,New,0,,,,Legacy Lead Tracker,
RR-20260906-038,Khaadi,info@khaadi.com,www.khaadi.com,Technology / SaaS,Other,New,0,,,,Legacy Lead Tracker,
RR-20260906-039,Gul Ahmed,info@gulahmed.com,www.gulahmed.com,Technology / SaaS,Other,New,0,,,,Legacy Lead Tracker,
RR-20260906-040,Legacy Plumbing,info@legacyplumbing.net,legacyplumbing.net,Home Services - Plumbing,Other,New,0,,,,Legacy Lead Tracker,
RR-20260906-041,Mother Modern Plumbing,info@callmother.com,www.callmother.com,Home Services - Plumbing,Other,New,0,,,,Legacy Lead Tracker,
RR-20260906-042,Edgewater Dental Group,info@edgewaterdentistchicago.com,edgewaterdentistchicago.com,Dentistry,Other,New,0,,,,Legacy Lead Tracker,
RR-20260906-043,Networking Bizz,info@seattle.networkingbizz.com,seattle.networkingbizz.com,Technology / SaaS,Other,New,0,,,,Legacy Lead Tracker,
RR-20260906-044,Oak Physio & Wellness,info@oakphysiowellness.ca,oakphysiowellness.ca,Physiotherapy,CA,New,0,,,,Legacy Lead Tracker,
RR-20260906-045,Physical Edge Physiotherapy,info@physicaledgephysio.com,physicaledgephysio.com,Physiotherapy,Other,New,0,,,,Legacy Lead Tracker,
RR-20260906-046,Rose Family Law,info@rosefamilylaw.ca,rosefamilylaw.ca,Legal - Family Law,CA,New,0,,,,Legacy Lead Tracker,
RR-20260906-047,Iqbal Law,info@iqbalslaw.com,www.iqbalslaw.com,Legal - Family Law,CA,New,0,,,,Legacy Lead Tracker,
RR-20260906-048,Radley Family Law,help@radleylaw.ca,radleylaw.ca,Legal - Family Law,CA,New,0,,,,Legacy Lead Tracker,
RR-20260906-049,BOS Plumbing,info@bosplumbing.ca,bosplumbing.ca,Home Services - Plumbing,CA,New,0,,,,Legacy Lead Tracker,
RR-20260906-050,Clearview Dental Clinic,info@clearviewdentalmilton.ca,clearviewdentalmilton.ca,Dentistry,CA,New,0,,,,Legacy Lead Tracker,
RR-20260906-051,Mississauga Plumbing Service,info@mississaugaplumbingservice.ca,www.mississaugaplumbingservice.ca,Home Services - Plumbing,CA,New,0,,,,Legacy Lead Tracker,
RR-20260906-052,Select Plumbing & Heating,selectplumbing@sympatico.ca,www.selectplumbingandheating.ca,Home Services - Commerci,CA,Follow-up Due,0,,,,Legacy Lead Tracker,
RR-20260906-053,North Dental Studio,info@northdentalstudio.ca,northdentalstudio.ca,Dentistry,CA,Follow-up Due,0,,,,Legacy Lead Tracker,
RR-20260906-054,Sherman Dental Centre,info@shermandentalcentre.com,shermandentalcentre.com,Dentistry,CA,Follow-up Due,0,,,,Legacy Lead Tracker,
RR-20260906-055,Caspersz Chegini LLP,info@ccfamilylaw.ca,www.ccfamilylaw.ca,Legal - Family Law,CA,Follow-up Due,0,,,,Legacy Lead Tracker,
RR-20260906-056,Sheddon Physiotherapy,admin@sheddonphysio.com,www.sheddonphysio.com,Physiotherapy,CA,Follow-up Due,0,,,,Legacy Lead Tracker,
RR-20260906-057,Tactic Roofing,info@tacticroofing.com,tacticroofing.com,Home Services - Roofing,CA,Follow-up Due,0,,,,Legacy Lead Tracker,
RR-20260906-058,PhysioNow,applewood@physionow.ca,www.physionow.ca,Physiotherapy,CA,Follow-up Due,0,,,,Legacy Lead Tracker,
RR-20260906-059,Donofrio Family Law,shauna@donofriolaw.ca,donofriolaw.ca,Law,CA,New,0,,,,Legacy Lead Tracker,
RR-20260906-060,GM Autotech Inc.,info@gmautotech.ca,gmautotech.ca,Auto Shop,CA,New,0,,,,Legacy Lead Tracker,
RR-20260906-061,Rajnoop Law,info@rajnooplaw.com,rajnooplaw.com,Law,CA,New,0,,,,Legacy Lead Tracker,
RR-20260906-062,Si Salon and Spa,info@sisalonandspa.ca,www.sisalonandspa.ca,Salon,CA,New,0,,,,Legacy Lead Tracker,
RR-20260906-063,Style n Smyle,info@stylensmyle.ca,stylensmyle.ca,Salon,CA,New,0,,,,Legacy Lead Tracker,
RR-20260906-064,Fowler Plumbing,info@plumbingwindsor.ca,plumbingwindsor.ca,Plumbing,CA,New,0,,,,Legacy Lead Tracker,
RR-20260906-065,Aspire Physiotherapy,info@aspirephysiotherapy.ca,aspirephysiotherapy.ca,Physiotherapy,CA,New,0,,,,Legacy Lead Tracker,
RR-20260906-066,Dabros Law Professional Corporation,info@dabroslaw.com,www.dabroslaw.com,Law,CA,New,0,,,,Legacy Lead Tracker,
RR-20260906-067,Laurel Green Physio,info@laurelgreenphysio.ca,laurelgreenphysio.ca,Physiotherapy,CA,New,0,,,,Legacy Lead Tracker,
RR-20260906-068,Clear Float Spa,info@clearfloat.ca,clearfloat.ca,Spa/Wellness,CA,New,0,,,,Legacy Lead Tracker,
RR-20260906-069,Sandoval Family Law,info@sandovalfamilylaw.com,www.sandovalfamilylaw.com,Legal - Family Law,US,Follow-up Due,0,,,,Legacy Lead Tracker,
RR-20260906-070,Downtown Dental Jax,Downtown@mydentalmail.com,downtowndentaljax.com,Dentistry,US,Follow-up Due,0,,,,Legacy Lead Tracker,
RR-20260906-071,R&B Plumbing,info@rbplumbinginc.com,rbplumbinginc.com,Home Services - Plumbing,US,Follow-up Due,0,,,,Legacy Lead Tracker,
RR-20260906-072,Botkin Rehab Services,info@botkinrehabservices.com,www.botkinrehabservices.com,Physiotherapy,US,Follow-up Due,0,,,,Legacy Lead Tracker,
RR-20260906-073,Sharps Automotive,info@sharpsautomotive.com,www.sharpsautomotive.com,Auto Repair,US,Follow-up Due,0,,,,Legacy Lead Tracker,
RR-20260906-074,Peridot Family Law LLC,info@peridotfamilylaw.com,www.peridotfamilylaw.com,Legal - Family Law,US,Follow-up Due,0,,,,Legacy Lead Tracker,
RR-20260906-075,Classic Homeworks,info@classichomeworks.com,classichomeworks.com,Construction - Home Reno,US,Follow-up Due,0,,,,Legacy Lead Tracker,
RR-20260906-076,Forefront Physical Therapy,hello@forefrontpllc.com,forefrontpllc.com,Physiotherapy,US,Follow-up Due,0,,,,Legacy Lead Tracker,
RR-20260906-077,"Law Office of Scott Righthand, P.C.",info@righthandfirm.com,www.righthandfirm.com,Legal - Personal Injury,US,Follow-up Due,0,,,,Legacy Lead Tracker,
RR-20260906-078,City Air Experts,info@cityairexperts.com,cityairexperts.com,Home Services - HVAC,US,Follow-up Due,0,,,,Legacy Lead Tracker,
RR-20260906-079,The Dome MedDental Clinic,info@meddental.ae,www.meddental.ae,Dentistry,UAE,Follow-up Due,0,,,2026-05-05,Legacy Lead Tracker,
RR-20260906-080,DPFM Clinic (Dubai Physiotherapy & Family Medicine),info@dxbphysio.com,www.dxbphysio.com,Physiotherapy & Family M,UAE,Follow-up Due,0,,,2026-05-05,Legacy Lead Tracker,
RR-20260906-081,Renovation Company in Dubai,info@renovationcompanyindubai.com,renovationcompanyindubai.com,Construction - Home Reno,UAE,Follow-up Due,0,,,2026-05-05,Legacy Lead Tracker,
RR-20260906-082,MPlus Technical Services,info@mplus.ae,www.mplus.ae,Home Services - Plumbing,UAE,Follow-up Due,0,,,2026-05-05,Legacy Lead Tracker,
RR-20260906-083,Yayan Cafe,info@yayancafe.com,www.yayancafe.com,Restaurant & Cafe,UAE,Follow-up Due,0,,,2026-05-05,Legacy Lead Tracker,
RR-20260906-084,Downtown Clinic,info@downtownclinic.ae,downtownclinic.ae,Dentistry,UAE,Follow-up Due,0,,,2026-05-05,Legacy Lead Tracker,
RR-20260906-085,Masoud Law,info@masoudlaw.com,masoudlaw.com,Legal Services,UAE,Follow-up Due,0,,,2026-05-05,Legacy Lead Tracker,
RR-20260906-086,RZ Auto Garage,info@rzautogarage.com,rzautogarage.com,Auto Repair,UAE,Follow-up Due,0,,,2026-05-05,Legacy Lead Tracker,
RR-20260906-087,EuroMEA Legal Services,info@euromealegalservices.com,euromealegalservices.com,Legal Services - Busines,UAE,Follow-up Due,0,,,2026-05-05,Legacy Lead Tracker,
RR-20260906-088,Farouq Abdalla Lawyers,info@famadvocates.ae,famadvocates.ae,Law,UAE,Follow-up Due,0,,,,Legacy Lead Tracker,
RR-20260906-089,RDS LAW (Rashid Deemas Alsuwaidi Advocates),info@rds-law.com,rds-law.ae,Law,UAE,Follow-up Due,0,,,,Legacy Lead Tracker,
RR-20260906-090,International Legal Consultancy (ILC),info@ilcuae.ae,www.ilcuae.ae,Law,UAE,Follow-up Due,0,,,,Legacy Lead Tracker,
RR-20260906-091,Al Noor Dental & Skin Clinic,info@alnoordental.com,alnoordental.com,Dental,UAE,Follow-up Due,0,,,,Legacy Lead Tracker,
RR-20260906-092,Habhab Building Contracting,info@habhabconstruction.com,habhabconstruction.com,Construction,UAE,Follow-up Due,0,,,,Legacy Lead Tracker,
RR-20260906-093,Ocean Beauty Spa,info@ocean-beautyspa.com,www.ocean-beautyspa.com,Salon/Spa,UAE,Follow-up Due,0,,,,Legacy Lead Tracker,
RR-20260906-094,Dar Al Tarmeem,info@daraltarmeem.com,daraltarmeem.com,Home Services,UAE,Follow-up Due,0,,,,Legacy Lead Tracker,
RR-20260906-095,Al Ain Technicians,wasiali809@gmail.com,alaintechnician.com,Home Services,UAE,Follow-up Due,0,,,,Legacy Lead Tracker,
RR-20260906-096,Lalangas Family Dentistry,info@cosmeticdentistdallastx.com,cosmeticdentistdallastx.com,Dentistry,US,Follow-up Due,0,,,,Legacy Lead Tracker,
RR-20260906-097,Walnut Hill Cosmetic & Family Dentistry,info@walnuthilldental.com,www.walnuthilldental.com,Dentistry,US,Follow-up Due,0,,,,Legacy Lead Tracker,
RR-20260906-098,Roberts Auto Service,info@robertsautoservice.com,robertsautoservice.com,Auto Repair,US,Follow-up Due,0,,,,Legacy Lead Tracker,
RR-20260906-099,Law Office of Rebecca J. Carrillo,info@rjc-lawfirm.com,www.rjc-lawfirm.com,Law Firm (Family Law),US,Follow-up Due,0,,,,Legacy Lead Tracker,
RR-20260906-100,Beyond Properties Realty,info@beyondpropertiesrealty.com,www.beyondpropertiesrealty.com,Real Estate,US,Follow-up Due,0,,,,Legacy Lead Tracker,
RR-20260906-101,Home Remedy LLC,info@homeremedyhouston.com,homeremedyhouston.com,Home Services / Remodeli,US,Follow-up Due,0,,,,Legacy Lead Tracker,
RR-20260906-102,Golden View Renovation,info@goldenviewrenovation.com,www.goldenviewrenovation.com,Construction / Remodelin,US,Follow-up Due,0,,,,Legacy Lead Tracker,
RR-20260906-103,Lishman Law,info@lishmanlaw.com,lishmanlaw.com,Law Firm (Family Law),US,Follow-up Due,0,,,,Legacy Lead Tracker,
RR-20260906-104,Friedmans LLP,info@friedmans.ca,www.friedmans.ca,Law,CA,New,0,,,,Legacy Lead Tracker,
RR-20260906-105,Lambert Law,tanya@lambertlawyers.ca,lambertlawyers.ca,Law,CA,New,0,,,,Legacy Lead Tracker,
RR-20260906-106,Devry Smith Frank LLP,info@devrylaw.ca,devrylaw.ca,Law,CA,New,0,,,,Legacy Lead Tracker,
RR-20260906-107,Fauri Law,info@faurilaw.ca,www.faurilaw.ca,Law,CA,New,0,,,,Legacy Lead Tracker,
RR-20260906-108,Al Naqbi Law,info@alnaqbilaw.ae,alnaqbilaw.ae,Law,UAE,New,0,,,,Legacy Lead Tracker,
RR-20260906-109,Al Rowaad Advocates,info@alrowaad.ae,www.alrowaad.ae,Law,UAE,New,0,,,,Legacy Lead Tracker,
RR-20260906-110,LYLAW,info@lylawyers.com,lylawyers.com,Law,UAE,New,0,,,,Legacy Lead Tracker,
RR-20260906-111,Al Ramsy Advocates,info@alramsyadvocates.com,alramsyadvocates.com,Law,UAE,New,0,,,,Legacy Lead Tracker,
RR-20260906-112,James Berry and Associates,enquiries@jamesberrylaw.ae,jamesberrylaw.com,Law,UAE,New,0,,,,Legacy Lead Tracker,
RR-20260906-113,Hudson McKenzie,londoninfo@hudsonmckenzie.com,www.hudsonmckenzie.com,Law,UAE,New,0,,,,Legacy Lead Tracker,
RR-20260906-114,Davies and Associates LLC,info@usimmigrationadvisor.com,www.usimmigrationadvisor.com,Law,UAE,New,0,,,,Legacy Lead Tracker,
RR-20260906-115,Farani Taylor Solicitors,enquiries@faranitaylor.com,faranitaylor.com,Law,UAE,New,0,,,,Legacy Lead Tracker,
RR-20260906-116,Solis Dental Clinic,info@solisdentalclinic.com,www.solisdentalclinic.com,Dental,UAE,New,0,,,,Legacy Lead Tracker,
RR-20260906-117,Precision Dental Clinic,info@precisiondental.ae,www.precisiondental.ae,Dental,UAE,New,0,,,,Legacy Lead Tracker,
RR-20260906-118,Dr Joy Dental Clinic,info@drjoydentalclinic.com,drjoydentalclinic.com,Dental,UAE,New,0,,,,Legacy Lead Tracker,
RR-20260906-119,Oris Dental Center,info@orisdentalcenter.ae,www.orisdentalcenter.ae,Dental,UAE,New,0,,,,Legacy Lead Tracker,
RR-20260906-120,Dentistree,info@dentistree.ae,dentistree.ae,Dental,UAE,New,0,,,,Legacy Lead Tracker,
RR-20260906-121,Malabar Dental Clinic,info@malabardentalclinics.com,malabardentalclinics.com,Dental,UAE,New,0,,,,Legacy Lead Tracker,
RR-20260906-122,Drs Nicolas and Asp,info@nicolasandasp.com,www.nicolasandasp.com,Dental,UAE,New,0,,,,Legacy Lead Tracker,
RR-20260906-123,My Dental Clinic Dubai,info@mydentalclinic.ae,www.mydentalclinic.ae,Dental,UAE,New,0,,,,Legacy Lead Tracker,
RR-20260906-124,Yalla Renovation Dubai,info@yallarenovation.com,www.yallarenovation.com,Construction,UAE,New,0,,,,Legacy Lead Tracker,
RR-20260906-125,NU Projects Dubai,info@nuprojects.ae,www.nuprojects.ae,Construction,UAE,New,0,,,,Legacy Lead Tracker,
RR-20260906-126,Al Naboodah Construction,construction@alnaboodah.com,www.alnaboodahconstruction.com,Construction,UAE,New,0,,,,Legacy Lead Tracker,
RR-20260906-127,OST Constructional Projects,info@ostdubai.com,www.ostdubai.com,Construction,UAE,New,0,,,,Legacy Lead Tracker,
RR-20260906-128,Smart Renovation,info@smartrenovation.ae,smartrenovation.ae,Construction,UAE,New,0,,,,Legacy Lead Tracker,
RR-20260906-129,Haifa Renov8,info@haifarenov8.ae,haifarenov8.ae,Construction,UAE,New,0,,,,Legacy Lead Tracker,
RR-20260906-130,Buckhead Dental Associates,info@buckheaddentalassociates.com,www.buckheaddentalassociates.com,Dental,US,New,0,,,,Legacy Lead Tracker,
RR-20260906-131,Pain Away Dentistry,info@painawaydentistry.com,painawaydentistry.com,Dental,US,New,0,,,,Legacy Lead Tracker,
RR-20260906-132,Dentistry in Buckhead,info@patedds.com,www.patedds.com,Dental,US,New,0,,,,Legacy Lead Tracker,
RR-20260906-133,Johns Creek Dental Associates,info@dentistinjohnscreek.com,www.dentistinjohnscreek.com,Dental,US,New,0,,,,Legacy Lead Tracker,
RR-20260906-134,Pharr Road Dentistry,info@pharrroaddentistry.com,www.pharrroaddentistry.com,Dental,US,New,0,,,,Legacy Lead Tracker,
RR-20260906-135,Eastside Dental Group,info@eastsidedentalgroup.com,eastsidedentalgroup.com,Dental,US,New,0,,,,Legacy Lead Tracker,
RR-20260906-136,Smile Havens,smiles@smilehavens.com,smilehavens.com,Dental,US,New,0,,,,Legacy Lead Tracker,
RR-20260906-137,OShea Dentistry Decatur,info@osheadentistry.com,osheadentistry.com,Dental,US,New,0,,,,Legacy Lead Tracker,
RR-20260906-138,VB Law Group,info@vblawgroup.com,www.vblawgroup.com,Law,US,New,0,,,,Legacy Lead Tracker,
RR-20260906-139,Byrd Davis,info@byrddavis.com,byrddavis.com,Law,US,New,0,,,,Legacy Lead Tracker,
RR-20260906-140,Wayne Wright LLP,info@waynewright.com,waynewright.com,Law,US,New,0,,,,Legacy Lead Tracker,
RR-20260906-141,FVF Law Firm,info@fvflawfirm.com,www.fvflawfirm.com,Law,US,New,0,,,,Legacy Lead Tracker,
RR-20260906-142,Reyes Law,info@reyeslaw.com,www.reyeslaw.com,Law,US,New,0,,,,Legacy Lead Tracker,
RR-20260906-143,Cofer and Connelly PLLC,info@coferconnelly.com,www.coferconnelly.com,Law,US,New,0,,,,Legacy Lead Tracker,
RR-20260906-144,Daniel Stark,info@danielstark.com,www.danielstark.com,Law,US,New,0,,,,Legacy Lead Tracker,
RR-20260906-145,Robson Law Firm,info@robsonlawfirm.com,robsonlawfirm.com,Law,US,New,0,,,,Legacy Lead Tracker,
RR-20260906-146,Jalili Firm,info@jalilifirm.com,www.jalilifirm.com,Law,US,New,0,,,,Legacy Lead Tracker,
RR-20260906-147,Bonilla Law Firm,info@bonillainjurylaw.com,www.bonillainjurylaw.com,Law,US,New,0,,,,Legacy Lead Tracker,
RR-20260906-148,Accord Dental Group,a2zdds@gmail.com,www.accorddentalgroup.com,Dental,US,New,0,,,,Legacy Lead Tracker,
RR-20260906-149,RiNo Dental,info@rinodental.com,www.rinodental.com,Dental,US,New,0,,,,Legacy Lead Tracker,
RR-20260906-150,The Denver Dentists,info@thedenverdentists.com,www.thedenverdentists.com,Dental,US,New,0,,,,Legacy Lead Tracker,
RR-20260906-151,DIC Colorado,info@diccolorado.com,diccolorado.com,Dental,US,New,0,,,,Legacy Lead Tracker,
RR-20260906-152,The Dentistry Place Denver,info@thedentistryplacedenver.com,www.thedentistryplacedenver.com,Dental,US,New,0,,,,Legacy Lead Tracker,
RR-20260906-153,EC Family and Cosmetic Dentistry,info@ecfamilydentist.com,www.ecfamilydentist.com,Dental,US,New,0,,,,Legacy Lead Tracker,
RR-20260906-154,Cherry Creek Restorative Dentistry,info@cherrycreekrestorativedentistry.com,www.cherrycreekrestorativedentistry.com,Dental,US,New,0,,,,Legacy Lead Tracker,
RR-20260906-155,Almeida and Bell Dental,info@almeidabelldental.com,www.almeidabelldental.com,Dental,US,New,0,,,,Legacy Lead Tracker,
RR-20260906-156,Colorado Dental Wellness Center,info@coloradodentalwellness.com,coloradodentalwellness.com,Dental,US,New,0,,,,Legacy Lead Tracker,
RR-20260906-157,Sweeney Merrigan,info@sweeneymerrigan.com,www.sweeneymerrigan.com,Law,US,New,0,,,,Legacy Lead Tracker,
RR-20260906-158,Swartz Law,info@swartzlaw.com,swartzlaw.com,Law,US,New,0,,,,Legacy Lead Tracker,
RR-20260906-159,Jeffrey S Glassman,info@jeffreysglassman.com,www.jeffreysglassman.com,Law,US,New,0,,,,Legacy Lead Tracker,
RR-20260906-160,Altman and Altman LLP,info@altmanllp.com,www.altmanllp.com,Law,US,New,0,,,,Legacy Lead Tracker,
RR-20260906-161,Segal Law Boston,info@segallawmass.com,www.segallawmass.com,Law,US,New,0,,,,Legacy Lead Tracker,
RR-20260906-162,Crowe and Harris LLP,info@croweandharris.com,www.croweandharris.com,Law,US,New,0,,,,Legacy Lead Tracker,
RR-20260906-163,Burns and Jain Law,info@burnsjainlaw.com,burnsjainlaw.com,Law,US,New,0,,,,Legacy Lead Tracker,
RR-20260906-164,Boston Injured,info@bostoninjured.com,www.bostoninjured.com,Law,US,New,0,,,,Legacy Lead Tracker,
RR-20260906-165,Thornton Law Firm,info@tenlaw.com,www.tenlaw.com,Law,US,New,0,,,,Legacy Lead Tracker,
RR-20260906-166,Spada Law Group,info@spadalawgroup.com,www.spadalawgroup.com,Law,US,New,0,,,,Legacy Lead Tracker,
RR-20260906-167,AMS Clinic Montreal,info@amsclinic.ca,amsclinic.ca,Physio,CA,New,0,,,,Legacy Lead Tracker,
RR-20260906-168,PhysioFix,info@physiofix.ca,physiofix.ca,Physio,CA,New,0,,,,Legacy Lead Tracker,
RR-20260906-169,Physio Go,info@cliniquephysiogo.ca,www.cliniquephysiogo.ca,Physio,CA,New,0,,,,Legacy Lead Tracker,
RR-20260906-170,PhysioExtra Montreal,informationsweb@physioextra.ca,physioextra.ca,Physio,CA,New,0,,,,Legacy Lead Tracker,
RR-20260906-171,PhysioMobile,info@physiomobile.ca,physiomobile.ca,Physio,CA,New,0,,,,Legacy Lead Tracker,
RR-20260906-172,McGill Sport Medicine Clinic,info@mcgillsportmedicineclinic.ca,www.mcgillsportmedicineclinic.ca,Physio,CA,New,0,,,,Legacy Lead Tracker,
RR-20260906-173,Physiobalance,info@physiobalance.ca,www.physiobalance.ca,Physio,CA,New,0,,,,Legacy Lead Tracker,
RR-20260906-174,Family Dental Care Ottawa,info@ottawadentist.ca,www.ottawadentist.ca,Dental,CA,New,0,,,,Legacy Lead Tracker,
RR-20260906-175,Kent Street Dental Centre,info@kentstreetdental.ca,www.kentstreetdental.ca,Dental,CA,New,0,,,,Legacy Lead Tracker,
RR-20260906-176,Rothwell Dental Center,info@rothwelldental.ca,rothwelldental.ca,Dental,CA,New,0,,,,Legacy Lead Tracker,
RR-20260906-177,Floss Dental Ottawa,info@flossthoseteeth.ca,flossthoseteeth.ca,Dental,CA,New,0,,,,Legacy Lead Tracker,
RR-20260906-178,Ottawa West Dental,info@ottawawestdental.ca,www.ottawawestdental.ca,Dental,CA,New,0,,,,Legacy Lead Tracker,
RR-20260906-179,Pineview Dental Clinic,info@pineviewdental.ca,pineviewdental.ca,Dental,CA,New,0,,,,Legacy Lead Tracker,
RR-20260906-180,Riverside Family Dentistry,info@riversidefamilydentistry.ca,www.riversidefamilydentistry.ca,Dental,CA,New,0,,,,Legacy Lead Tracker,
RR-20260906-181,McArthur Dental,info@mcarthurdental.ca,mcarthurdental.ca,Dental,CA,New,0,,,,Legacy Lead Tracker,
RR-20260906-182,Loyalty Law Group,info@loyaltylawgroup.ca,loyaltylawgroup.ca,Law,CA,New,0,,,,Legacy Lead Tracker,
RR-20260906-183,Axon Law,office@axonlaw.ca,axonlaw.ca,Law,CA,New,0,,,,Legacy Lead Tracker,
RR-20260906-184,Horizons and Co Law Firm,info@horizlaw.ae,www.horizlaw.ae,Law,UAE,New,0,,,,Legacy Lead Tracker,
RR-20260906-185,Nawal Al Zaabi Advocates,info@nawalalzaabi.ae,nawalalzaabi.ae,Law,UAE,New,0,,,,Legacy Lead Tracker,
RR-20260906-186,Muna Mubarak Legal Consultants,info@abukhaterlaw.ae,mlaw.ae,Law,UAE,New,0,,,,Legacy Lead Tracker,
RR-20260906-187,ABS Partners,info@abspartners.ae,abspartners.ae,Law,UAE,New,0,,,,Legacy Lead Tracker,
RR-20260906-188,Law House,helpdesk@lawhouse.ae,lawhouse.ae,Law,UAE,New,0,,,,Legacy Lead Tracker,
RR-20260906-189,Al Hefeiti Law,info@alhefeitilaw.ae,alhefeitilaw.ae,Law,UAE,New,0,,,,Legacy Lead Tracker,
RR-20260906-190,National Projects Construction,info@npc.ae,npc.ae,Construction,UAE,New,0,,,,Legacy Lead Tracker,
RR-20260906-191,Smith Debnam Law,mail@smithdebnamlaw.com,www.smithdebnamlaw.com,Law,US,New,0,,,,Legacy Lead Tracker,
RR-20260906-192,Becton Law Firm,closings@bectonlawfirm.com,www.bectonlawfirm.com,Law,US,New,0,,,,Legacy Lead Tracker,
RR-20260906-193,Turner Law Firm,info@turnerlawfirmpllc.com,www.turnerlawfirmpllc.com,Law,US,New,0,,,,Legacy Lead Tracker,
RR-20260906-194,Alston and Bird,prcomms@alston.com,www.alston.com,Law,US,New,0,,,,Legacy Lead Tracker,
RR-20260906-195,San Diego Smile Maker,receptionist@sandiegosmilemaker.com,www.sandiegosmilemaker.com,Dental,US,New,0,,,,Legacy Lead Tracker,
RR-20260906-196,McKean Smith LLC,info@mckeansmithlaw.com,www.mckeansmithlaw.com,Law,US,New,0,,,,Legacy Lead Tracker,
RR-20260906-197,East Nashville Dentistry,office@eastnashvilledentistry.com,eastnashvilledentistry.com,Dental,US,New,0,,,,Legacy Lead Tracker,
RR-20260906-198,Oasis Wellness Dentistry,careteam@oasiswellnessdentistry.com,www.oasiswellnessdentistry.com,Dental,US,New,0,,,,Legacy Lead Tracker,
RR-20260906-199,West Nashville Smiles Dentistry,info@westnashvillesmilesdentistry.com,www.westnashvillesmilesdentistry.com,Dental,US,New,0,,,,Legacy Lead Tracker,
RR-20260906-200,Miller Family Dentistry,miller@millerfamilydentistrytn.com,www.millerfamilydentistrytn.com,Dental,US,New,0,,,,Legacy Lead Tracker,
RR-20260906-201,Tennessee Family Dental Care,info@tennesseefamilydentalcare.com,www.tennesseefamilydentalcare.com,Dental,US,New,0,,,,Legacy Lead Tracker,
RR-20260906-202,Diaco Law,info@diacolaw.com,diacolaw.com,Law,US,New,0,,,,Legacy Lead Tracker,
RR-20260906-203,Wagner Law,support@wagnerlaw.com,www.wagnerlaw.com,Law,US,New,0,,,,Legacy Lead Tracker,
RR-20260906-204,L Pincus Law,info@lpincuslaw.com,lpincuslaw.com,Law,US,New,0,,,,Legacy Lead Tracker,
RR-20260906-205,Catania and Catania,info@cataniaandcatania.com,www.cataniaandcatania.com,Law,US,New,0,,,,Legacy Lead Tracker,
RR-20260906-206,Winters and Yonker,info@wintersandyonker.com,wintersandyonker.com,Law,US,New,0,,,,Legacy Lead Tracker,
RR-20260906-207,MattLaw,info@mattlaw.com,mattlaw.com,Law,US,New,0,,,,Legacy Lead Tracker,
RR-20260906-208,Florin Gray,info@floringray.com,www.floringray.com,Law,US,New,0,,,,Legacy Lead Tracker,
RR-20260906-209,Burnetti PA,info@burnetti.com,www.burnetti.com,Law,US,New,0,,,,Legacy Lead Tracker,
RR-20260906-210,Hale Law,info@halelaw.com,halelaw.com,Law,US,New,0,,,,Legacy Lead Tracker,
RR-20260906-211,Swope Rodante,info@swoperodante.com,www.swoperodante.com,Law,US,New,0,,,,Legacy Lead Tracker,
RR-20260906-212,Distinct HVAC,info@distincthvac.ca,www.distincthvac.ca,Home Services,CA,New,0,,,,Legacy Lead Tracker,
RR-20260906-213,Reliance Calgary,info@reliancecalgary.ca,reliancecalgary.ca,Home Services,CA,New,0,,,,Legacy Lead Tracker,
RR-20260906-214,Infinite Heating Calgary,info@infiniteheating.ca,www.infiniteheating.ca,Home Services,CA,New,0,,,,Legacy Lead Tracker,
RR-20260906-215,DR Heat and Air,info@drheatandair.ca,www.drheatandair.ca,Home Services,CA,New,0,,,,Legacy Lead Tracker,
RR-20260906-216,Alpha Plumbing Calgary,info@alpha-plumbing.ca,alpha-plumbing.ca,Home Services,CA,New,0,,,,Legacy Lead Tracker,
RR-20260906-217,Valkin HVAC,info@valkinhvac.ca,www.valkinhvac.ca,Home Services,CA,New,0,,,,Legacy Lead Tracker,
RR-20260906-218,Folks Hess Law Firm,schriever@folkshess.com,www.azdefaultlegalservices.com,Law,US,New,0,,,,Legacy Lead Tracker,
RR-20260906-219,Burch and Cracchiolo,info@bcattorneys.com,www.bcattorneys.com,Law,US,New,0,,,,Legacy Lead Tracker,
RR-20260906-220,Christian Dichter and Sluga,info@cdslawfirm.com,cdslawfirm.com,Law,US,New,0,,,,Legacy Lead Tracker,
RR-20260906-221,Wallin Hester PLC,info@wallinhester.com,wallinhester.com,Law,US,New,0,,,,Legacy Lead Tracker,
RR-20260906-222,Tiffany and Bosco,info@tblaw.com,www.tblaw.com,Law,US,New,0,,,,Legacy Lead Tracker,
RR-20260906-223,Parcs Dentistry,info@parcsdentistry.com,www.parcsdentistry.com,Dental,US,New,0,,,,Legacy Lead Tracker,
RR-20260906-224,Dr Athari Dental,info@drathari.com,www.drathari.com,Dental,US,New,0,,,,Legacy Lead Tracker,
RR-20260906-225,API Law,info@api.law,www.api.law,Law,US,New,0,,,,Legacy Lead Tracker,
RR-20260906-226,Leah Martin Law,info@leahmartinlaw.com,www.leahmartinlaw.com,Law,US,New,0,,,,Legacy Lead Tracker,
RR-20260906-227,Lin Law Group,info@linlawgroup.com,linlawgroup.com,Law,US,New,0,,,,Legacy Lead Tracker,
RR-20260906-228,Mumford Family Dental Centre,info@mumfordfamilydental.ca,www.mumfordfamilydental.ca,Dentistry,CA,Follow-up Due,0,,,,Legacy Lead Tracker,
RR-20260906-229,Sante Dental Halifax,info@santedentalhalifax.ca,www.santedentalhalifax.ca,Dentistry,CA,Follow-up Due,0,,,,Legacy Lead Tracker,
RR-20260906-230,EK Dental Group (East Kildonan Dental),reception@ekdentalgroup.com,ekdentalgroup.com,Dentistry,CA,Follow-up Due,0,,,,Legacy Lead Tracker,
RR-20260906-231,Centre Dentaire Ville De Quebec,info@centredentairevilledequebec.ca,centredentairevilledequebec.ca,Dentistry,CA,Follow-up Due,0,,,,Legacy Lead Tracker,
RR-20260906-232,Finan Home Service,info@finanhomeservice.com,finanhomeservice.com,Home Services / HVAC,UK,Follow-up Due,0,,,,Legacy Lead Tracker,
RR-20260906-233,Lomax Law Firm,info@lomaxlawfirm.com,www.lomaxlawfirm.com,Legal - Personal Injury,UK,Follow-up Due,0,,,,Legacy Lead Tracker,
RR-20260906-234,Kirwin Partners LLP,admin@kirwinpartners.com,kirwinpartners.com,Legal - Full Service,CA,Follow-up Due,0,,,,Legacy Lead Tracker,
RR-20260906-235,Physio Avantex,info@physioavantex.com,www.physioavantex.com,Physiotherapy,CA,Follow-up Due,0,,,,Legacy Lead Tracker,
RR-20260906-236,Copperstone Dental,info@copperstonedental.ca,www.copperstonedental.ca,Dentistry,CA,Follow-up Due,0,,,,Legacy Lead Tracker,
RR-20260906-237,Scotia Physiotherapy & Wellness,abeaton@chphysio.ca,scotiaphysiotherapy.ca,Physiotherapy,CA,Follow-up Due,0,,,,Legacy Lead Tracker,
RR-20260906-238,Choice Health Centre,bedford@choicehealthcentre.com,choicehealthcentre.com,Physiotherapy & Chiropra,CA,Follow-up Due,0,,,,Legacy Lead Tracker,
RR-20260906-239,Al-Kirbi Law,info@alkirbilaw.com,www.alkirbilaw.com,Law,UAE,Follow-up Due,0,,,,Legacy Lead Tracker,
RR-20260906-240,Dr Miski Dental Clinic,miski@hotmail.sk,drmiski.com,Dental,UAE,Follow-up Due,0,,,,Legacy Lead Tracker,
RR-20260906-241,MAG Clinic Dubai Marina,reception@magclinic.ae,www.magclinic.ae,Physio,UAE,Follow-up Due,0,,,,Legacy Lead Tracker,
RR-20260906-242,Prox Automotive Workshop,info@proxautos.com,proxautos.com,Auto Shop,UAE,Follow-up Due,0,,,,Legacy Lead Tracker,
RR-20260906-243,Whitey Smile Medical Center,info@whiteysmilemedicalcenter.ae,whiteysmilemedicalcenter.ae,Dental,UAE,Follow-up Due,0,,,,Legacy Lead Tracker,
RR-20260906-244,Al Ateibi Advocates,info@alateibi.ae,alateibi.ae,Law,UAE,Follow-up Due,0,,,,Legacy Lead Tracker,
RR-20260906-245,Famous Garage RAK,info@famousgarage.ae,famousgaragerak.com,Auto Shop,UAE,Follow-up Due,0,,,,Legacy Lead Tracker,
RR-20260906-246,Moon Beauty Salon Sharjah,info@moonbeautysalon.ae,moonbeautysalon.ae,Salon,UAE,Follow-up Due,0,,,,Legacy Lead Tracker,
RR-20260906-247,City Building Contracting LLC,info@cbce.ae,cbce.ae,Construction,UAE,Follow-up Due,0,,,,Legacy Lead Tracker,
RR-20260906-248,Everest Legal Consultancy,info@everestlegal.ae,everestlegal.ae,Law,UAE,Follow-up Due,0,,,,Legacy Lead Tracker,
RR-20260906-249,Sahara Medical Centre Sharjah,info@saharamedicalcentre.ae,saharamedicalcentre.ae,Dental,UAE,Follow-up Due,0,,,,Legacy Lead Tracker,
RR-20260906-250,Zenith Law,khyati@zenithlawyer.ca,zenithlawyer.ca,Law,CA,New,0,,,,Legacy Lead Tracker,
RR-20260906-251,Costa Law Firm,info@costalawfirm.ca,costalawfirm.ca,Law,CA,New,0,,,,Legacy Lead Tracker,
RR-20260906-252,Filion Wakely Thorup Angeletti LLP,toronto@filionlaw.com,www.filion.on.ca,Law,CA,New,0,,,,Legacy Lead Tracker,
RR-20260906-253,Fraser Point Dental,info@fraserpointdental.com,fraserpointdental.com,Dental,CA,New,0,,,,Legacy Lead Tracker,
RR-20260906-254,Urban Dental Clinic,info@urbandentalclinic.com,www.urbandentalclinic.com,Dental,CA,New,0,,,,Legacy Lead Tracker,
RR-20260906-255,River District Dentistry,info@riverdistrictdentistry.com,riverdistrictdentistry.com,Dental,CA,New,0,,,,Legacy Lead Tracker,
RR-20260906-256,Smile Well Dental,info@smilewelldental.ca,www.smilewelldental.ca,Dental,CA,New,0,,,,Legacy Lead Tracker,
RR-20260906-257,Yaletown Dental,info@yaletown.dental,yaletown.dental,Dental,CA,New,0,,,,Legacy Lead Tracker,
RR-20260906-258,Rehab Solutions Physio Calgary,rehabsolutions@shaw.ca,www.rehabsolutionsphysio.com,Physio,CA,New,0,,,,Legacy Lead Tracker,
RR-20260906-259,MSKrehab,info@mskrehab.org,www.mskrehab.org,Physio,CA,New,0,,,,Legacy Lead Tracker,
RR-20260906-260,Prompt Physiotherapy Clinic,info@promptphysio.com,promptphysio.com,Physio,CA,New,0,,,,Legacy Lead Tracker,
RR-20260906-261,360 Physiotherapy & Training Inc,impallari@gmail.com,360-physio.ca,Physio,CA,New,0,,,,Legacy Lead Tracker,
RR-20260906-262,Alberta Physical Therapy Clinic,info@aptcinc.ca,aptcinc.ca,Physio,CA,New,0,,,,Legacy Lead Tracker,
RR-20260906-263,Max Physiotherapy,info@maxphysiotherapy.ca,maxphysiotherapy.ca,Physio,CA,New,0,,,,Legacy Lead Tracker,
RR-20260906-264,Vivo Cura,info@vivocura.ca,vivocura.ca,Physio,CA,New,0,,,,Legacy Lead Tracker,
RR-20260906-265,Anahid Construction,info@anahidconstruction.ca,anahidconstruction.ca,Home Services,CA,New,0,,,,Legacy Lead Tracker,
RR-20260906-266,Tabari Pro Art,info@tabariproart.ca,tabariproart.ca,Home Services,CA,New,0,,,,Legacy Lead Tracker,
RR-20260906-267,2x2 Construction,info@2x2construction.ca,2x2construction.ca,Home Services,CA,New,0,,,,Legacy Lead Tracker,
RR-20260906-268,Buildoreno,info@buildoreno.ca,buildoreno.ca,Home Services,CA,New,0,,,,Legacy Lead Tracker,
RR-20260906-269,Senso Design,info@sensodesign.ca,sensodesign.ca,Home Services,CA,New,0,,,,Legacy Lead Tracker,
RR-20260906-270,Toronto General Contractor,info@torontogeneralcontractor.ca,torontogeneralcontractor.ca,Home Services,CA,New,0,,,,Legacy Lead Tracker,
RR-20260906-271,Heracon,info@heracon.ca,heracon.ca,Home Services,CA,New,0,,,,Legacy Lead Tracker,
RR-20260906-272,Magic Landscape,info@magiclandscape.ca,magiclandscape.ca,Home Services,CA,New,0,,,,Legacy Lead Tracker,
RR-20260906-273,Miami New Realty,info@miaminewrealty.com,www.miaminewrealty.com,Real Estate,US,New,0,,,,Legacy Lead Tracker,
RR-20260906-274,Miami Premier Realty,info@miamipremierrealty.com,www.miamipremierrealty.com,Real Estate,US,New,0,,,,Legacy Lead Tracker,
RR-20260906-275,Miami Residence,info@miamiresidence.com,www.miamiresidence.com,Real Estate,US,New,0,,,,Legacy Lead Tracker,
RR-20260906-276,Florida Realty of Miami,info@floridarealtyofmiami.com,www.floridarealtyofmiami.com,Real Estate,US,New,0,,,,Legacy Lead Tracker,
RR-20260906-277,Metro 1,info@metro1.com,www.metro1.com,Real Estate,US,New,0,,,,Legacy Lead Tracker,
RR-20260906-278,MiamiHal,hal@miamihal.com,www.miamihal.com,Real Estate,US,New,0,,,,Legacy Lead Tracker,
RR-20260906-279,CFO Legal,info@cfolegal.com,cfolegal.com,Law,US,New,0,,,,Legacy Lead Tracker,
RR-20260906-280,Goldfarb and Fleece LLP,info@gflegal.com,www.gflegal.com,Law,US,New,0,,,,Legacy Lead Tracker,
RR-20260906-281,Seiden Law LLP,info@seidenlaw.com,seidenlaw.com,Law,US,New,0,,,,Legacy Lead Tracker,
RR-20260906-282,DL Partners NYC Law Firm,info@dlpartnerslaw.com,dlpartnerslaw.com,Law,US,New,0,,,,Legacy Lead Tracker,
RR-20260906-283,Beldock Levine and Hoffman LLP,info@blhny.com,www.blhny.com,Home Services,US,New,0,,,,Legacy Lead Tracker,
RR-20260906-284,Dorf Nelson and Zauderer LLP,info@dorflaw.com,www.dorflaw.com,Law,US,New,0,,,,Legacy Lead Tracker,
RR-20260906-285,Crowell and Moring LLP,info@crowell.com,www.crowell.com,Home Services,US,New,0,,,,Legacy Lead Tracker,
RR-20260906-286,Foster Garvey PC,info@foster.com,www.foster.com,Home Services,US,New,0,,,,Legacy Lead Tracker,
RR-20260906-287,1st Family Dental,info@1stfamilydental.com,1stfamilydental.com,Dental,US,New,0,,,,Legacy Lead Tracker,
RR-20260906-288,Sonrisa Family Dental,info@sonrisafamilydental.com,sonrisafamilydental.com,Dental,US,New,0,,,,Legacy Lead Tracker,
RR-20260906-289,Post Family Dental,info@postfamilydental.com,postfamilydental.com,Dental,US,New,0,,,,Legacy Lead Tracker,
RR-20260906-290,Cornerstone Dental of Lincoln Square,info@lincolnsquarefamilydentist.com,www.lincolnsquarefamilydentist.com,Dental,US,New,0,,,,Legacy Lead Tracker,
RR-20260906-291,All Family Dental and Braces,info@dentalandbraces.com,www.dentalandbraces.com,Dental,US,New,0,,,,Legacy Lead Tracker,
RR-20260906-292,Associates for Dental Care,info@associatesfordentalcare.com,www.associatesfordentalcare.com,Dental,US,New,0,,,,Legacy Lead Tracker,
RR-20260906-293,NS Family Dental,info@nsfamilydental.com,nsfamilydental.com,Dental,US,New,0,,,,Legacy Lead Tracker,
RR-20260906-294,ABC Dental Chicago,info@abcdentalchicago.com,www.abcdentalchicago.com,Dental,US,New,0,,,,Legacy Lead Tracker,
RR-20260906-295,United Dental Centers of Chicago,info@udcchicago.com,www.udcchicago.com,Dental,US,New,0,,,,Legacy Lead Tracker,
RR-20260906-296,Renew Physical Therapy,info@ptrenew.com,ptrenew.com,Physio,US,New,0,,,,Legacy Lead Tracker,
RR-20260906-297,Framework Physical Therapy,info@frameworkpt.com,www.frameworkpt.com,Physio,US,New,0,,,,Legacy Lead Tracker,
RR-20260906-298,Spectrum Medical Group,info@spectrummedical.org,www.spectrummedical.org,Medical/Dental,US,New,0,,,,Legacy Lead Tracker,
RR-20260906-299,Bumble Bee Plumbing Electrical HVAC,info@bumblebeeplumbingaz.com,bumblebeeplumbingaz.com,Home Services,US,New,0,,,,Legacy Lead Tracker,
RR-20260906-300,Parker and Sons,info@parkerandsons.com,www.parkerandsons.com,Home Services,US,New,0,,,,Legacy Lead Tracker,
RR-20260906-301,Wethington Agency,info@wethingtonteam.com,wethingtonteam.com,Home Services,US,New,0,,,,Legacy Lead Tracker,
RR-20260906-302,Points West Agency,info@pointswestagency.com,www.pointswestagency.com,Home Services,US,New,0,,,,Legacy Lead Tracker,
RR-20260906-303,Amanda Rosander Real Estate,info@amandarosander.com,amandarosander.com,Real Estate,US,New,0,,,,Legacy Lead Tracker,
RR-20260906-304,Texas Empire Properties,info@txempireproperties.com,www.txempireproperties.com,Home Services,US,New,0,,,,Legacy Lead Tracker,
RR-20260906-305,Monument Realty,info@monumentrealtytx.com,monumentrealtytx.com,Real Estate,US,New,0,,,,Legacy Lead Tracker,
RR-20260906-306,Housed Real Estate and Relocation,info@housedrealestate.com,housedrealestate.com,Real Estate,US,New,0,,,,Legacy Lead Tracker,
RR-20260906-307,Karola Realty,info@karolarealty.com,www.karolarealty.com,Real Estate,US,New,0,,,,Legacy Lead Tracker,
RR-20260906-308,Hawkins Group Real Estate,info@hawkinsgrouprealestate.com,hawkinsgrouprealestate.com,Real Estate,US,New,0,,,,Legacy Lead Tracker,
RR-20260906-309,Nussbaum Law,info@nussbaumlaw.ca,nussbaumlaw.ca,Law,CA,New,0,,,,Legacy Lead Tracker,
RR-20260906-310,SLC Lawyer,info@slclawyer.ca,slclawyer.ca,Law,CA,New,0,,,,Legacy Lead Tracker,
RR-20260906-311,Divorce Go,info@divorcego.ca,divorcego.ca,Home Services,CA,New,0,,,,Legacy Lead Tracker,
RR-20260906-312,SMP Law,info@smplaw.ca,www.smplaw.ca,Law,CA,New,0,,,,Legacy Lead Tracker,
RR-20260906-313,Goldstein Divorce and Family Law Group,info@amglaw.ca,www.amglaw.ca,Law,CA,New,0,,,,Legacy Lead Tracker,
RR-20260906-314,Simple Divorce,info@simpledivorce.ca,www.simpledivorce.ca,Home Services,CA,New,0,,,,Legacy Lead Tracker,
RR-20260906-315,Coral Gables Cosmetic Dentist,info@coralgablescosmeticdentist.com,www.coralgablescosmeticdentist.com,Dental,US,New,0,,,,Legacy Lead Tracker,
RR-20260906-316,Flagler Dental Clinic,info@flaglerdentalclinic.com,www.flaglerdentalclinic.com,Dental,US,New,0,,,,Legacy Lead Tracker,
RR-20260906-317,My Beautiful Smiles,info@mybeautifulsmiles.com,mybeautifulsmiles.com,Dental,US,New,0,,,,Legacy Lead Tracker,
RR-20260906-318,Implant and Cosmetic Center,info@implantandcosmeticcenter.com,implantandcosmeticcenter.com,Home Services,US,New,0,,,,Legacy Lead Tracker,
RR-20260906-319,Fain Dental Arts,info@drsylvanfain.com,www.drsylvanfain.com,Dental,US,New,0,,,,Legacy Lead Tracker,
RR-20260906-320,Elite Smiles Dental Center,info@elitesmilesdentalcenter.com,elitesmilesdentalcenter.com,Dental,US,New,0,,,,Legacy Lead Tracker,
RR-20260906-321,Images Dental,info@imagesdental.com,imagesdental.com,Dental,US,New,0,,,,Legacy Lead Tracker,
RR-20260906-322,Dentist Miami Springs,info@dentistmiamisprings.com,dentistmiamisprings.com,Dental,US,New,0,,,,Legacy Lead Tracker,
RR-20260906-323,The Gibson Law Firm,info@jag-lawfirm.com,www.jag-lawfirm.com,Law,US,New,0,,,,Legacy Lead Tracker,
RR-20260906-324,DDH Lawyers,info@ddhlawyers.com,www.ddhlawyers.com,Law,US,New,0,,,,Legacy Lead Tracker,
RR-20260906-325,Law Offices of Gene S. Hagood,info@h-nlaw.com,www.h-nlaw.com,Law,US,New,0,,,,Legacy Lead Tracker,
RR-20260906-326,Smith and Hassler,info@smithandhassler.com,www.smithandhassler.com,Home Services,US,New,0,,,,Legacy Lead Tracker,
RR-20260906-327,Tracey Fox and Walters,info@traceylawfirm.com,www.traceylawfirm.com,Law,US,New,0,,,,Legacy Lead Tracker,
RR-20260906-328,Baumgartner Law Firm,info@baumgartnerlawyers.com,baumgartnerlawyers.com,Law,US,New,0,,,,Legacy Lead Tracker,
RR-20260906-329,Terry Bryant Accident and Injury Law,info@terrybryant.com,www.terrybryant.com,Law,US,New,0,,,,Legacy Lead Tracker,
RR-20260906-330,Robert Law Group,info@robertlawgroup.com,robertlawgroup.com,Law,US,New,0,,,,Legacy Lead Tracker,
RR-20260906-331,The Todd Law Group,info@jefftoddlaw.com,www.jefftoddlaw.com,Law,US,New,0,,,,Legacy Lead Tracker,
RR-20260906-332,Patrick Daniel Law,info@patrickdaniellaw.com,www.patrickdaniellaw.com,Law,US,New,0,,,,Legacy Lead Tracker,
RR-20260906-333,Discount Plumbing Rooter Inc,info@discountplumbingrooterinc.com,discountplumbingrooterinc.com,Home Services,US,New,0,,,,Legacy Lead Tracker,
RR-20260906-334,Express Plumbing San Mateo,info@expressplumbing.com,expressplumbing.com,Home Services,US,New,0,,,,Legacy Lead Tracker,
RR-20260906-335,AquaTek Plumbing,info@aquatek-plumbing.com,www.aquatek-plumbing.com,Home Services,US,New,0,,,,Legacy Lead Tracker,
RR-20260906-336,Flow Masters Plumbing,info@flowmastersplumbing.com,flowmastersplumbing.com,Home Services,US,New,0,,,,Legacy Lead Tracker,
RR-20260906-337,Bay Area Plumbing SF,info@bayareaplumbingsf.com,www.bayareaplumbingsf.com,Home Services,US,New,0,,,,Legacy Lead Tracker,
RR-20260906-338,Chosen Rooter,info@chosenrooter.com,chosenrooter.com,Home Services,US,New,0,,,,Legacy Lead Tracker,
RR-20260906-339,Advanced Plumbing SF,info@advancedplumbingsf.com,advancedplumbingsf.com,Home Services,US,New,0,,,,Legacy Lead Tracker,
RR-20260906-340,Mr Rooter San Francisco,info@mrrooter.com,www.mrrooter.com,Home Services,US,New,0,,,,Legacy Lead Tracker,
RR-20260906-341,Green Leaf Dental Seattle,info@greenleafdentalseattle.com,www.greenleafdentalseattle.com,Dental,US,New,0,,,,Legacy Lead Tracker,
RR-20260906-342,3rd and Columbia Dental,info@3rdandcolumbiadental.com,3rdandcolumbiadental.com,Dental,US,New,0,,,,Legacy Lead Tracker,
RR-20260906-343,Shoreline Dental Clinic,info@drericyao.com,www.drericyao.com,Dental,US,New,0,,,,Legacy Lead Tracker,
RR-20260906-344,All Smiles Family Dentistry,info@asfamilydentistry.com,www.asfamilydentistry.com,Dental,US,New,0,,,,Legacy Lead Tracker,
RR-20260906-345,Ballard Dental Arts,info@ballarddentalarts.com,ballarddentalarts.com,Dental,US,New,0,,,,Legacy Lead Tracker,
RR-20260906-346,Icon Dental Center,info@icondentalcenter.com,icondentalcenter.com,Dental,US,New,0,,,,Legacy Lead Tracker,
RR-20260906-347,Reflections Dental Centre,info@reflectionswestseattle.com,www.reflectionswestseattle.com,Dental,US,New,0,,,,Legacy Lead Tracker,
RR-20260906-348,Apex Dental Clinic,info@apexmedicalclinics.com,www.apexmedicalclinics.com,Dental,UAE,New,0,,,,Legacy Lead Tracker,
RR-20260906-349,Al Marwan Construct,info@almarwangroup.com,almarwangroup.com,Construction,UAE,New,0,,,,Legacy Lead Tracker,
RR-20260906-350,Soluvie,info@soluvie.ca,soluvie.ca,Home Services,CA,New,0,,,,Legacy Lead Tracker,
RR-20260906-351,Intellequity IP,info@intellequityip.com,www.intellequityip.com,Home Services,US,New,0,,,,Legacy Lead Tracker,
RR-20260906-352,Wilson Elser Portland,info@wilsonelser.com,www.wilsonelser.com,Home Services,US,New,0,,,,Legacy Lead Tracker,
RR-20260906-353,Knight Plumbing,info@knightplumbing.ca,www.knightplumbing.ca,Home Services,CA,New,0,,,,Legacy Lead Tracker,
RR-20260906-354,Timberline Plumbing,info@timberlineplumbing.ca,timberlineplumbing.ca,Home Services,CA,New,0,,,,Legacy Lead Tracker,
RR-20260906-355,Ottawa Home Pro,info@ottawahomeservices.ca,www.ottawahomeservices.ca,Home Services,CA,New,0,,,,Legacy Lead Tracker,
RR-20260906-356,NYC Home Services,info@nychomeservices.com,www.nychomeservices.com,Home Services,US,New,0,,,,Legacy Lead Tracker,
RR-20260906-357,Phoenix Legal Group,info@phoenixlaw.com,www.phoenixlaw.com,Law,US,New,0,,,,Legacy Lead Tracker,
RR-20260906-358,Phoenix Home Pro,info@phoenixhomeservices.com,www.phoenixhomeservices.com,Home Services,US,New,0,,,,Legacy Lead Tracker,
RR-20260906-359,San Diego Legal Group,info@sandiegolaw.com,www.sandiegolaw.com,Law,US,New,0,,,,Legacy Lead Tracker,
RR-20260906-360,San Diego Home Pro,info@sandiegohomeservices.com,www.sandiegohomeservices.com,Home Services,US,New,0,,,,Legacy Lead Tracker,
RR-20260906-361,Boston Home Pro,info@bostonhomeservices.com,www.bostonhomeservices.com,Home Services,US,New,0,,,,Legacy Lead Tracker,
RR-20260906-362,Denver Home Pro,info@denverhomeservices.com,www.denverhomeservices.com,Home Services,US,New,0,,,,Legacy Lead Tracker,
RR-20260906-363,Austin Home Pro,info@austinhomeservices.com,www.austinhomeservices.com,Home Services,US,New,0,,,,Legacy Lead Tracker,
RR-20260906-364,Nashville Legal Partners,info@nashvillelaw.com,www.nashvillelaw.com,Law,US,New,0,,,,Legacy Lead Tracker,
RR-20260906-365,Tampa Smile Center,info@tampadental.com,www.tampadental.com,Dental,US,New,0,,,,Legacy Lead Tracker,
RR-20260906-366,Charlotte Smile Center,info@charlottedental.com,www.charlottedental.com,Dental,US,New,0,,,,Legacy Lead Tracker,
RR-20260906-367,Dubai Home Masters,info@dubaihomeservices.ae,www.dubaihomeservices.ae,Home Services,UAE,New,0,,,,Legacy Lead Tracker,
RR-20260906-368,Dubai Realty Group,info@dubairealty.ae,www.dubairealty.ae,Real Estate,UAE,New,0,,,,Legacy Lead Tracker,
RR-20260906-369,Abu Dhabi Dental Center,info@abudhabidental.ae,www.abudhabidental.ae,Dental,UAE,New,0,,,,Legacy Lead Tracker,
RR-20260906-370,Abu Dhabi Home Pro,info@abudhabihomeservices.ae,www.abudhabihomeservices.ae,Home Services,UAE,New,0,,,,Legacy Lead Tracker,
RR-20260906-371,Ace Plumbing Calgary,info@ace-plumbing.ca,www.ace-plumbing.ca,Home Services,CA,New,0,,,,Legacy Lead Tracker,
RR-20260906-372,The Wooly Pub,kat.woolypub@gmail.com,thewoolypub.ca,Restaurant - Gastropub,CA,New,0,,,,Legacy Lead Tracker,
RR-20260906-373,True Service Plumbing,info@trueserviceplumbing.ca,trueserviceplumbing.ca,Plumber,CA,New,0,,,,Legacy Lead Tracker,
RR-20260906-374,Premier Plumbing,office@premierplumbing.ca,premierplumbing.ca,Plumber,CA,New,0,,,,Legacy Lead Tracker,
RR-20260906-375,John The Plumber,plumbingjobs@johntheplumber.ca,www.johntheplumber.ca,Plumber,CA,New,0,,,,Legacy Lead Tracker,
RR-20260906-376,CDP Plumbing of Brampton,info@cdpplumbing.ca,cdpplumbing.ca,Plumber,CA,New,0,,,,Legacy Lead Tracker,
RR-20260906-377,ApexFlow Plumber Brampton,contact@apexflowplumberbrampton.ca,apexflowplumberbrampton.ca,Plumber,CA,New,0,,,,Legacy Lead Tracker,
RR-20260906-378,Superior Plumbing & Heating of Oakville,info@superiorplumbing.ca,superiorplumbing.ca,Plumber,CA,New,0,,,,Legacy Lead Tracker,
RR-20260906-379,Peel Dental Care,office@peeldental.com,www.peeldentalcare.com,Dental Clinic,Other,New,0,,,,Legacy Lead Tracker,
RR-20260906-380,Brampton Family Dental,info@bramptonfamilydental.com,www.bramptonfamilydental.com,Dental Clinic,Other,New,0,,,,Legacy Lead Tracker,
RR-20260906-381,Oakville Place dental office,rochelle@dentistoakville.com,www.dentistoakville.com,Dental Clinic,Other,New,0,,,,Legacy Lead Tracker,
RR-20260906-382,Toronto Civil Litigation Lawyers - Powell Litigation,info@powelllitigation.com,ontariolitigationlawyers.com,Law Firm,CA,New,0,,,,Legacy Lead Tracker,
RR-20260906-383,Nanda & Associate Lawyers,hello@nanda.ca,www.nanda.ca,Law Firm,CA,New,0,,,,Legacy Lead Tracker,
RR-20260906-384,JSM Law,info@jsmlaw.ca,www.jsmlaw.ca,Law Firm,CA,New,0,,,,Legacy Lead Tracker,
RR-20260906-385,Gupta Law Firm,info@guptalaw.ca,guptalaw.ca,Law Firm,CA,New,0,,,,Legacy Lead Tracker,
RR-20260906-386,Patel Law Firm,mikesh@patellawfirm.ca,www.patellawfirm.ca,Law Firm,CA,New,0,,,,Legacy Lead Tracker,
RR-20260906-387,"LawDen - Kunal Kapoor Law Professional Corporation - Barrister, Solicitor & Notary Public",info@lawden.ca,www.lawden.ca,Law Firm,CA,New,0,,,,Legacy Lead Tracker,
RR-20260906-388,James Deep Law Professional Corporation,reception@jamesdeep.com,jamesdeep.com,Law Firm,Other,New,0,,,,Legacy Lead Tracker,
RR-20260906-389,O'Connor MacLeod Hanna LLP,info@omh.ca,www.omh.ca,Law Firm,CA,New,0,,,,Legacy Lead Tracker,
RR-20260906-390,Property Law Firm CB LLP | Head Office,welcome@propertylaw.ca,www.propertylaw.ca,Law Firm,CA,New,0,,,,Legacy Lead Tracker,
RR-20260906-391,Cornerstone Physiotherapy - Toronto,info@cornerstonephysio.com,cornerstonephysio.com,Physiotherapy,CA,New,0,,,,Legacy Lead Tracker,
RR-20260906-392,Rebalance Sports Medicine Physiotherapy & Chiropractic Downtown Toronto,info@rebalancetoronto.com,rebalancetoronto.com,Physiotherapy,CA,New,0,,,,Legacy Lead Tracker,
RR-20260906-393,"Curezone Physiotherapy | Heartland, Mississauga",info@curezonephysiotherapy.com,www.curezonephysiotherapy.com,Physiotherapy,CA,New,0,,,,Legacy Lead Tracker,
RR-20260906-394,Triangle Physiotherapy Mississauga,info@trianglephysiotherapy.com,www.trianglephysiotherapy.com,Physiotherapy,CA,New,0,,,,Legacy Lead Tracker,
RR-20260906-395,Brampton Physiotherapy + Wellness Institute,brampton@lifeclinics.ca,bramptonphysio.ca,Physiotherapy,CA,New,0,,,,Legacy Lead Tracker,
RR-20260906-396,MedRehab Group Physiotherapy - Brampton,brampton@medrehabgroup.com,medrehabgroup.com,Physiotherapy,Other,New,0,,,,Legacy Lead Tracker,
RR-20260906-397,Physio Pros Oakville,info@physiopros.ca,physiopros.ca,Physiotherapy,CA,New,0,,,,Legacy Lead Tracker,
RR-20260906-398,BeActive Physio Oakville,info@beactivephysio.ca,www.beactivephysio.ca,Physiotherapy,CA,New,0,,,,Legacy Lead Tracker,
RR-20260906-399,AccuServ Heating and Air Conditioning,info@accuservheating.com,accuservheating.com,Hvac Contractor,CA,New,0,,,,Legacy Lead Tracker,
RR-20260906-400,Dubai Sky Clinic (by Trio Dental Center),trio.burjuman@triodentaluae.com,,dental clinic,UAE,Contacted,1,2026-08-24,dubaiskyclinic(bytri,,Hermes Aug 2026,
RR-20260906-401,HPL Yamalova & Plewka FZCO (LYLAW Dubai),legal@lylawyers.com,,law firm,UAE,Contacted,1,2026-08-24,hplyamalova&plewkafz,,Hermes Aug 2026,
RR-20260906-402,Harbor Real Estate Broker LLC,info@harbordubai.com,,real estate agency,UAE,Contacted,1,2026-08-24,harborrealestatebrok,,Hermes Aug 2026,
RR-20260906-403,Al Ayan Real Estate Broker LLC,hello@nexteuv.com,,real estate agency,UAE,Contacted,1,2026-08-24,alayanrealestatebrok,,Hermes Aug 2026,
RR-20260906-404,Espace,info@espace.ae,,real estate agency,UAE,Contacted,1,2026-08-24,espace,,Hermes Aug 2026,
RR-20260906-405,Bombay Borough,contact@bombayborough.in,,restaurant,UAE,Contacted,1,2026-08-24,bombayborough,,Hermes Aug 2026,
RR-20260906-406,CÉ LA VI,events-dxb@celavi.com,,restaurant,UAE,Contacted,1,2026-08-24,célavi,,Hermes Aug 2026,
RR-20260906-407,MOLI by SHI,reservation@molibyshi.com,,restaurant,UAE,Contacted,1,2026-08-24,molibyshi,,Hermes Aug 2026,
RR-20260906-408,Soul Kitchen Dubai,reservations@soulkitchendxb.com,,restaurant,UAE,Contacted,1,2026-08-24,soulkitchendubai,,Hermes Aug 2026,
RR-20260906-409,Maison De Curry | Restaurant with the best views of Burj Khalifa & Dubai Fountains,mdc@passionfandb.com,,restaurant,UAE,Contacted,1,2026-08-24,maisondecurry|restau,,Hermes Aug 2026,
RR-20260906-410,24th St. World Street Food Dubai,asai@dusit.com,,restaurant,UAE,Contacted,1,2026-08-24,24thstworldstreetfoo,,Hermes Aug 2026,
RR-20260906-411,3BK Restaurant - Burj Khalifa,main@3bkdubai.com,,restaurant,UAE,Contacted,1,2026-08-24,3bkrestaurant-burjkh,,Hermes Aug 2026,
RR-20260906-412,"Al Khoory Inn Hotel, Bur Dubai",info@alkhooryhotels.com,,hotel,UAE,Contacted,1,2026-08-24,alkhooryinnhotelburd,,Hermes Aug 2026,
RR-20260906-413,Hotel Holiday International,reservation@hhi.ae,,hotel,UAE,Contacted,1,2026-08-24,hotelholidayinternat,,Hermes Aug 2026,
RR-20260906-414,Grand Gold Gym,info@grandgoldgym.com,,gym fitness center,UAE,Contacted,1,2026-08-24,grandgoldgym,,Hermes Aug 2026,
RR-20260906-415,The Elite Health Club,info@thelitehealthclub.com,,gym fitness center,UAE,Contacted,1,2026-08-24,theelitehealthclub,,Hermes Aug 2026,
RR-20260906-416,Car Garage Auto Mechanical Repair,support@cargarage.ae,,car repair garage,UAE,Contacted,1,2026-08-24,cargarageautomechani,,Hermes Aug 2026,
RR-20260906-417,Mayfield Dental,info@mayfielddental.com,mayfielddental.com,Dental,CA,New,0,,,,Forge hunt 2026-09-06,
RR-20260906-418,Schinto Dental,frontdesk@schintodental.com,schintodental.com,Dental,US,New,0,,,,Forge hunt 2026-09-06,
RR-20260906-419,Dental Oasis,info@dentaloasis.ae,dentaloasis.ae,Dental,UAE,New,0,,,,Forge hunt 2026-09-06,
RR-20260906-420,Norburn Dental Centre,info@norburndental.com,www.norburndental.com,Dental,CA,New,0,,,,Forge hunt 2026-09-06,
RR-20260906-421,St. James Dental,Reception@stjamesdental.com,stjamesdental.com,Dental,UK,New,0,,,,Forge hunt 2026-09-06,
RR-20260906-422,KRS Plumbing & Heating,info@krsplumbingandheating.co.uk,krsplumbingandheating.co.uk,Home Services,UK,New,0,,,,Forge hunt 2026-09-06,
RR-20260906-423,Allen’s Plumbing & Heating,info@allensplumbingandheating.co.uk,www.allensplumbingandheating.co.uk,Home Services,UK,New,0,,,,Forge hunt 2026-09-06,
RR-20260906-424,Bespoke Dental,reception@bespokedental.com.au,bespokedental.com.au,Dental,AU,New,0,,,,Forge hunt 2026-09-06,
RR-20260906-425,Riverdale Plumbing & Heating,info@riverdaleplumbing-heating.com,riverdaleplumbing-heating.com,Home Services,US,New,0,,,,Forge hunt 2026-09-06,
RR-20260906-426,Levantine Dental Clinic,info@levantine.ae,levantine.ae,Dental,UAE,New,0,,,,Forge hunt 2026-09-06,
RR-20260906-427,Valle Dental,info@valledentalclinic.com,valledentalclinic.com,Dental,US,New,0,,,,Forge hunt 2026-09-06,
RR-20260906-428,Pinellas Family Dental,lindsay@dentalflorida.com,dentalflorida.com,Dental,US,New,0,,,,Forge hunt 2026-09-06,
RR-20260906-429,MC Dental,enquiries@mcdental.com.au,www.mcdental.com.au,Dental,AU,New,0,,,,Forge hunt 2026-09-06,
RR-20260906-430,Dr. Priyanka Dental Clinic,contact@drpriyankaclinic.ae,drpriyankaclinic.ae,Dental,UAE,New,0,,,,Forge hunt 2026-09-06,
RR-20260906-431,Fort Lawyers,info@fortlawyers.com.au,fortlawyers.com.au,Law,AU,New,0,,,,Forge hunt 2026-09-06,
RR-20260906-432,Northpoint Legal,info@northpointlegal.ca,northpointlegal.ca,Law,CA,New,0,,,,Forge hunt 2026-09-06,
RR-20260906-433,Turini McKean Law,info@turinimckeanlaw.com.au,turinimckeanlaw.com.au,Law,AU,New,0,,,,Forge hunt 2026-09-06,
RR-20260906-434,5F Mechanical,info@5fmech.com,5fmech.com,Home Services,US,New,0,,,,Forge hunt 2026-09-06,
RR-20260906-435,University Dental and Implant Centre,contact@universitydental.co.uk,universitydental.co.uk,Dental,UK,New,0,,,,Forge hunt 2026-09-06,
