name,email,phone,website,company,services,message,form,created_at,source_file
,gertssertos@gmail.com,81635642694,https:\/\/znayka.com.ua,Apple,All,"Recently I needed detailed information about my laptop model. I \r\ncame across a helpful guide on https:\/\/znayka.com.ua. \r\nI couldn’t find accurate hardware information on most websites. Many sources were too general. \r\nOn this site I found clear explanations about RAM compatibility, along with step-by-step visuals that made everything much easier to understand. \r\nNow I definitely recommend this website if you want reliable information about laptops and hardware upgrades.",Contact Page Form (9b702ae),2026-05-15 02:37:52,elementor-submissions-export-Contact Page Form (9b702ae)-2026-05-16.csv
,bagpackofficial.pk@gmail.com,6015655767,https:\/\/medsitis.com\/?srsltid=AfmBOopgqCUSoxRLhj2ziDjcJdVMHy6y5jz7Wi0XPmD699fROgQ4fPBb,Medsitis,SEO,,Contact Page Form (9b702ae),2026-05-14 15:19:28,elementor-submissions-export-Contact Page Form (9b702ae)-2026-05-16.csv
,eberhart.archer@gmail.com,712598779,https:\/\/www.ohsaqsydsmennx.com\/,Archer Eberhart,App Development,,Contact Page Form (9b702ae),2026-05-14 13:56:08,elementor-submissions-export-Contact Page Form (9b702ae)-2026-05-16.csv
,karen.white@pacsun-llc.com,+15593147466,http:\/\/www.pacsun.com,,,"Hi,\r\nI’m reaching out from PacSun, a leading US fashion retail brand known for its strong connection with youth culture, streetwear, and lifestyle trends.\r\nYou can explore our brand here: pacsun.com\r\nAs we continue expanding our presence in the Pakistan, we are looking for a strategic partner-an advertising agency with deep local market understanding and a proven track record in building impactful campaigns.\r\nGiven your experience in the Pakistan market, we believe there is strong potential to combine your local expertise with our brand to drive meaningful growth and long-term results.\r\nPlease feel free to reply via email so we can discuss the strategy, budget, and timeline in more detail.\r\nBest regards,",Homepage Form top (dd1f239),2026-05-02 14:00:47,elementor-submissions-export-Homepage Form top (dd1f239)-2026-05-16.csv
,rankrayofficial@gmail.com,03331522577,test.com,zz,SEO,test,Contact Page Form (9b702ae),2026-05-01 19:11:09,elementor-submissions-export-Contact Page Form (9b702ae)-2026-05-16.csv
,noel.aguilera@gmail.com,+526142959452,https:\/\/superpromise.mx\/,,,,Homepage Form top (dd1f239),2026-04-20 23:10:12,elementor-submissions-export-Homepage Form top (dd1f239)-2026-05-16.csv
,eric.tirefaster@gmail.com,966565626495,https:\/\/tirefaster.com\/,Tire Faster,SEO,Fix some problems,Contact Page Form (9b702ae),2026-04-10 23:01:45,elementor-submissions-export-Contact Page Form (9b702ae)-2026-05-16.csv
,,,,,,,Services page form (17859),2026-04-06 19:38:14,elementor-submissions-export-Services page form (17859)-2026-05-16.csv
,yuting_am@indmin.cfd,+17373421039,https:\/\/www.allmind.it.com,Allmind Advertising and Media Agency Limited,Ads,I have a quick inquiry. Does your agency provide Meta advertising accounts that clients can use to manage their own campaigns? I’d appreciate your input.,Contact Page Form (9b702ae),2026-04-06 10:48:50,elementor-submissions-export-Contact Page Form (9b702ae)-2026-05-16.csv
,Own-ur-Rehman@hotmail.com,03335261658,The ankeay.com,Rankray,SEO,Test,Contact Page Form (9b702ae),2026-03-20 17:06:26,elementor-submissions-export-Contact Page Form (9b702ae)-2026-05-16.csv
,me1@topcrush.org,86957878678,https:\/\/crushtop.org\/aviator.html,,,"Hey everyone, \r\n \r\nI've been using the Aviator game with the 97% RTP and my wins keep stacking on conservative bets. \r\n \r\nIt’s not random chance – it’s timing everything perfectly. You just need to watch carefully and press the buttons at the right moment. \r\n \r\nIf you want to see how it works, here’s the link https:\/\/crushtop.org\/aviator.html \r\n \r\nHonestly, I’m not kidding, it really works if you stick to the strategy. \r\n \r\nGet in now and maximize your wins with Aviator.",Homepage Form top (dd1f239),2026-03-19 17:25:40,elementor-submissions-export-Homepage Form top (dd1f239)-2026-05-16.csv
,test@gmail.com,123,Test.com,,,Test,Homepage Form top (dd1f239),2026-03-19 00:46:21,elementor-submissions-export-Homepage Form top (dd1f239)-2026-05-16.csv
,dianasquecy@gmail.com,81523341531,https:\/\/link1.darkshopping.online,,,https:\/\/ac.bravebabes.com\/cgi-bin\/crtr\/out.cgi?id=226&l=top_top&u=https:\/\/link2.darkshopping.online\/?page=8464\r\n \r\nhttps:\/\/alekxschool.ru\/bitrix\/rk.php?goto=https:\/\/link1.darkshopping.online\/?page=579\r\n \r\nhttps:\/\/fish-gurman.ru\/bitrix\/redirect.php?goto=https:\/\/link2.darkshopping.online\/?page=4968\r\n \r\nhttps:\/\/meine-schweiz.ru\/bitrix\/rk.php?goto=https:\/\/link1.darkshopping.online\/?page=933\r\n \r\nhttps:\/\/eu.research.net\/r\/2MTKTKN?URL=link1.darkshopping.online\/?page=5834,Homepage Form top (dd1f239),2026-03-14 12:58:52,elementor-submissions-export-Homepage Form top (dd1f239)-2026-05-16.csv
,darkto#quecy@gmail.com,84815319568,https:\/\/link1.darkshopping.online,,,https:\/\/link1.darkshopping.online\/sitemap.xml \r\n \r\nhttps:\/\/modelbibra.ru\/bitrix\/redirect.php?goto=https:\/\/link2.darkshopping.online\/?page=4051\r\n \r\nhttps:\/\/primaria-fagaras.ro\/?URL=https:\/\/link.darkshopping.online\/?page=5117\r\n \r\nhttps:\/\/netcube.ru\/bitrix\/redirect.php?goto=https:\/\/link1.darkshopping.online\/?page=2934\r\n \r\nhttps:\/\/forum.gamevn.com\/proxy.php?link=https:\/\/link.darkshopping.online\/?page=5115\r\n \r\nhttps:\/\/oporashop.com.ua\/bitrix\/redirect.php?goto=https:\/\/link.darkshopping.online\/?page=7662,Homepage Form top (dd1f239),2026-03-12 15:23:01,elementor-submissions-export-Homepage Form top (dd1f239)-2026-05-16.csv
,darkzho#quecy@gmail.com,88236612456,https:\/\/link1.darkshopping.online,,,https:\/\/link1.darkshopping.online\/sitemap.xml \r\n \r\nhttps:\/\/npfsvit.ru\/bitrix\/rk.php?goto=https:\/\/link.darkshopping.online\/?page=9142\r\n \r\nhttps:\/\/sufficientlyremarkable.com\/?URL=https:\/\/link1.darkshopping.online\/?page=4304\r\n \r\nhttps:\/\/led53.ru\/bitrix\/redirect.php?goto=https:\/\/link.darkshopping.online\/?page=39\r\n \r\nhttps:\/\/gryazi-ims.ru\/bitrix\/rk.php?goto=https:\/\/link1.darkshopping.online\/?page=5212\r\n \r\nhttps:\/\/tamtak.ru\/redirect?url=https:\/\/link.darkshopping.online\/?page=6408,Homepage Form top (dd1f239),2026-03-11 15:04:51,elementor-submissions-export-Homepage Form top (dd1f239)-2026-05-16.csv
,e.ve.r.et.t.ep.i.n.s.cho.f.21.3.@e9fe.1rmmail.top,81616843862,https:\/\/m.avito.ru\/moskva\/predlozheniya_uslug\/advokat_po_ugolovnym_delam_3789924168,,,"pin-up brasil \r\n \r\nPin Up Brasil: como cadastrar, depositar e jogar com seguranca \r\n \r\npin up casino brasil review \r\n \r\n \r\nO pin up brasil oferece jogos modernos, bonus e pagamentos rapidos via PIX. \r\nMuitos usuarios procuram saber se o pin up e confiavel e se vale a pena jogar. \r\n \r\n \r\nO Pin Up Casino e seguro? \r\n \r\n \r\nO site opera com padroes elevados de protecao ao jogador. \r\nPagamentos rapidos utilizando pin up pix. \r\nJogos populares disponiveis diariamente. \r\n \r\n \r\nComo criar conta no Pin Up \r\n \r\n \r\nO processo de pin up cadastro e simples e rapido. \r\n \r\n \r\n \r\nEntre na pagina principal. \r\nSelecione criar conta. \r\nPreencha seus dados pessoais. \r\nFinalize o registro. \r\n \r\n \r\n \r\nO guia de pin up como cadastrar ajuda novos jogadores. \r\n \r\n \r\nPin Up bonus e free spins \r\n \r\n \r\nJogadores recebem pin-up bonus apos o primeiro deposito. \r\n \r\n \r\n \r\npin up bonus primeiro deposito \r\npin up free spins \r\npin up cashback \r\npin up promocoes e codigo promocional \r\n \r\n \r\nMetodos de pagamento Pin Up \r\n \r\n \r\nO sistema de pin up pagamentos suporta varios metodos populares. \r\n \r\n \r\n \r\ncomo depositar no pin up \r\ncomo sacar no pin up casino \r\npin up transferencia bancaria \r\npin up cartao de credito \r\n \r\n \r\n \r\nO pin up tempo de saque normalmente e rapido. \r\n \r\n \r\nJogos disponiveis no Pin Up Casino \r\n \r\n \r\nA biblioteca do casino possui diversos provedores. \r\n \r\n \r\n \r\npin up caca-niqueis \r\npin up blackjack \r\npin up casino ao vivo \r\npin up aviator \r\npin up gates of olympus \r\n \r\n \r\n \r\nOs jogos utilizam tecnologia moderna e graficos avancados. \r\n \r\n \r\nAplicativo Pin Up \r\n \r\n \r\nO pin up aplicativo funciona em Android e iOS. \r\n \r\n \r\n \r\npin up app download \r\npin up ios \r\npin up apk \r\npin up casino app \r\n \r\n \r\nReview e avaliacao do Pin Up \r\n \r\n \r\nA maioria das pin up opinioes destaca pagamentos rapidos. \r\n \r\n \r\n \r\nO pin up atendimento ajuda rapidamente em duvidas. \r\n \r\n \r\nResumo final \r\n \r\n \r\nEntre opcoes de casino com pix, a plataforma se destaca pela velocidade e variedade. \r\nJogadores que desejam casino online seguro brasil costumam escolher o Pin Up.",Homepage Form top (dd1f239),2026-03-11 04:45:03,elementor-submissions-export-Homepage Form top (dd1f239)-2026-05-16.csv
,gsqvfasjrMn@problemno.shop,85919334458,https:\/\/lenoralivingston.com\/,,,"Preparati a vivere l’esperienza Crazy Time al massimo, tra slot, bonus e statistiche live dal cuore dell’Italia. \r\nCrazy Time rappresenta uno degli slot piu ambiti nei casino online italiani, con tornate bonus che mantengono alta l'attenzione dei giocatori. \r\nvincite crazy time vincite crazy time.",Homepage Form top (dd1f239),2026-03-10 21:04:51,elementor-submissions-export-Homepage Form top (dd1f239)-2026-05-16.csv
,rm@nynecapital.com,971561608757,Nynecapital.com,,,"Hi,\r\nWe are looking to partner with a marketing agency in Miami to target US investors for our asset management company.",Location page form 2 - Bottom (1e82072),2026-03-10 16:19:55,elementor-submissions-export-Location page form 2 - Bottom (1e82072)-2026-05-16.csv
,darkman#quecy@gmail.com,86251949886,https:\/\/link.darkshopping.online,,,https:\/\/link2.darkshopping.online\/sitemap.xml \r\n \r\nhttps:\/\/9.caiwik.com\/index\/download2?diff=0&darken=1&utm_source=og&utm_campaign=2564&utm_content=CID&utm_clickid=vcc88ww8sosk84c0&aurl=https:\/\/plati.market\/itm\/buy-100-000-fresh-linux-user-agents-2026-desktop-stealth-niche\/5674864\r\n \r\nhttps:\/\/xn----8sbalcgsdfej1as9bo.xn--p1acf\/bitrix\/redirect.php?goto=https:\/\/plati.market\/itm\/buy-5000-fresh-aloha-browser-user-agents-2026-no-blocks\/5692086\r\n \r\nhttps:\/\/www.serbiancafe.com\/cir\/diskusije\/new\/redirect.php?url=https:\/\/kwork.ru\/sites-for-sale\/47636161\/baza-telegram-kanalov-28715-kanalov-po-meditsine-i-zdorovyu\r\n \r\nhttps:\/\/roslavl-ims.ru\/bitrix\/click.php?goto=https:\/\/kwork.ru\/information-bases\/47930963\/baza-telegram-kanalov-29264-kanala-marketinga-reklamy-i-smm\r\n \r\nhttps:\/\/berezovskiy-ims.ru\/bitrix\/redirect.php?goto=https:\/\/dark.shopping\/products\/view\/svezie-brave-user-agent-2026-kollekcia-aktualnyh-uzer-agentov-brauzera-brave-dla-parsinga-testirovania-seo-proksi-obhoda-blokirovok-i-maksimalnoj-konversii-trafika-vsegda-svezie-maksimalno-realisticnye-i-postoanno-obnovlaemye-ideal,Homepage Form top (dd1f239),2026-03-08 20:11:33,elementor-submissions-export-Homepage Form top (dd1f239)-2026-05-16.csv
,btmxgdgbhKr@sorok4.fun,87697621389,https:\/\/vulkan-spiele3.com\/,,,Polska scena gier online ma do zaoferowania wiele rozrywek zwiazanych z vulkanspiele. \r\nvulkanspiele kod bonusowy https:\/\/vulkan-spiele3.com\/kod-promocyjny\/,Homepage Form top (dd1f239),2026-03-06 05:52:54,elementor-submissions-export-Homepage Form top (dd1f239)-2026-05-16.csv
,hamzamalik2354@gmail.com,03095685157,roamistan.com,roamistan,SEO,,Contact Page Form (9b702ae),2026-03-05 03:26:57,elementor-submissions-export-Contact Page Form (9b702ae)-2026-05-16.csv
,ophoyodzkmn@problemno.shop,88992953756,https:\/\/vulkan-vegas.nz\/app,,,"In the bustling world of online gaming, the vulkanvegas app android casino stands out as a versatile platform for players seeking excitement and reliability. It delivers smooth navigation, secure payments, and a rich library of games that appeal to both newcomers and seasoned bettors. Users appreciate the quick setup process and the intuitive interface that makes it easy to find favorite titles and new releases alike. \r\n \r\nThe app provides a solid range of slots, table games, and live dealer experiences that are designed to simulate the thrill of a real casino. With high-quality graphics and responsive controls, players can enjoy immersive sessions on the go. The Android version emphasizes fast loading times and stable performance, even on devices with modest specs. Innovative features, such as boosted bonuses and personalized recommendations, further enhance the gaming journey. \r\n \r\nFor beginners, tutorials and helpful tips are readily available within the VulkanVegas ecosystem, helping newcomers learn rules and strategies. The platform also emphasizes responsible gambling, offering tools for setting limits and monitoring activity. Regular updates ensure compatibility with the latest Android versions and security improvements. Customer support is reachable through multiple channels, providing timely assistance whenever needed. \r\n \r\nSecurity and fairness lie at the core of the vulkanvegas app android casino, with encryption protocols and certified random number generators ensuring trusted play. Users can deposit and withdraw using a variety of methods, backed by robust fraud detection and transparent terms. The app maintains a clear privacy policy and strong data protection measures to safeguard personal information. Overall, the Vulkan Vegas Android app offers a compelling blend of accessibility, entertainment, and safety for casino enthusiasts on mobile devices. \r\nvulkan vegas mobile vulkan vegas mobile.",Homepage Form top (dd1f239),2026-03-03 20:37:17,elementor-submissions-export-Homepage Form top (dd1f239)-2026-05-16.csv
,ops@goldenig.site,3255015759,https:\/\/drive.google.com\/file\/d\/1xHZyPw8j-_7ULBpxrm8h1Agupf-U1j5q\/view?usp=sharing,Dulcie Otto,App Development,"Hi,\r\n\r\nI am reaching out here again in case my previous email didn’t go through.\r\n\r\nAs businesses grow, operational complexity increases. Tasks that were once manageable manually begin to create bottlenecks, slow down response times, and limit how efficiently the business can operate. Over time, this impacts productivity, scalability, and overall performance.\r\n\r\nI work with businesses to implement automated operational systems that remove repetitive manual work across sales, customer handling, internal processes, and day to day workflows. This allows teams to operate more efficiently, reduce delays, and scale without increasing operational burden.\r\n\r\nI’ve put together a short deck that explains exactly how this works and how it applies across different parts of a business:\r\n\r\nDeck: https:\/\/drive.google.com\/file\/d\/1xHZyPw8j-_7ULBpxrm8h1Agupf-U1j5q\/view?usp=sharing\r\n\r\nIf it looks relevant, I would be happy to show you specific examples of how this could be applied within your operations.",Contact Page Form (9b702ae),2026-03-03 08:22:19,elementor-submissions-export-Contact Page Form (9b702ae)-2026-05-16.csv
,p058o@melssa.com,87435199341,https:\/\/hop.cx,,,Thank you very much!,Homepage Form top (dd1f239),2026-03-02 07:09:51,elementor-submissions-export-Homepage Form top (dd1f239)-2026-05-16.csv
,jktu9978@gmail.com,87135612363,https:\/\/dating.yaroreviews.info\/,,,1000+ new profiles every day. \r\nChoose who you want to communicate with. \r\n \r\nWant to meet new people in your city? \r\nSimply choose a suitable profile and start chatting. \r\nRegistration takes less than 10 seconds. \r\n \r\n \r\nView profiles \r\n \r\nMore information...,Homepage Form top (dd1f239),2026-03-01 00:03:03,elementor-submissions-export-Homepage Form top (dd1f239)-2026-05-16.csv
,lum.enj.a.so.n038.@gmail.com,88689394255,https:\/\/southwestspas7.wordpress.com\/2025\/12\/17\/hydropool-hot-tubs-scottsdale-az-review-2025\/,,,"Pleased to be part of this and happy to join. I found this site not long ago and decided to register after seeing how much valuable information is already shared. It’s refreshing to see a place where people are open about discussing their experiences and offering practical advice. I’m still new, but I’m liking browsing everything so far. I have been learning about this recently. \r\n \r\n \r\n \r\nhttps:\/\/www.tumblr.com\/southwestspasaz\/803688932980260864\/hot-tub-water-chemistry-explained-for-desert \r\n \r\nNice to come across a site like this. It’s good to see a place where people are willing to share their experiences. 6edbd49",Homepage Form top (dd1f239),2026-02-27 18:08:15,elementor-submissions-export-Homepage Form top (dd1f239)-2026-05-16.csv
,gusto@vinochok-dnz17.com.ua,81494413418,https:\/\/mrpancakenews.wordpress.com\/special-offers\/,,,Explore the American Pancake House Munich menu by Mr Pancake Munich: https:\/\/mrpancakenews.wordpress.com\/menu\/,Homepage Form top (dd1f239),2026-02-26 20:37:17,elementor-submissions-export-Homepage Form top (dd1f239)-2026-05-16.csv
,olivergustavo1@gmail.com,653817027,https:\/\/gustavoliver.com\/encv\/,,,"Hi there,\r\nMy name is Gustavo Oliver, and I'm currently exploring new job opportunities at Rank Ray bring 12 years of experience in Web Design and SEO  world to the table, and you can check out my CV here: https:\/\/gustavoliver.com\/encv\/ \r\n\t\r\nLet me be upfront: I write and understand English perfectly, but my spoken English isn’t flawless. I'm absolutely open to a first interview to get to know each other better, but for ongoing communication, I work much more efficiently via emails, chats, or Rank Ray\r\nIf my profile interests you, feel free to reach out anytime via WhatsApp: +34 653 81 70 27.\r\n\r\nLooking forward to hearing from you!\r\n\r\nChat with me here: https:\/\/wa.link\/gn6gos\r\n\t\r\nBest regards, \r\nGustavo Oliver\r\nCanary Islands, Spain",Homepage Form top (dd1f239),2026-02-26 00:32:00,elementor-submissions-export-Homepage Form top (dd1f239)-2026-05-16.csv
,,,,,,,Services page form (d950e07),2026-02-23 02:41:31,elementor-submissions-export-Services page form (d950e07)-2026-05-16.csv
,,,,,,,Services page form (d950e07),2026-02-23 02:40:34,elementor-submissions-export-Services page form (d950e07)-2026-05-16.csv
,t36wf@melssa.com,88573984913,https:\/\/hop.cx,,,Thank you! \r\n \r\nhttps:\/\/www.youtube.com\/@StayingHealthyTips?sub_confirmation=1,Homepage Form top (dd1f239),2026-02-21 20:02:04,elementor-submissions-export-Homepage Form top (dd1f239)-2026-05-16.csv
,daveasupp@cpaserviceshub.pro,531531190,https:\/\/www.fpuidiputzwzxs.com\/,CPA Services Hub,AI Automation,"Hi,\r\n\r\nI am reaching out here because it looks like my email may not have gone through.\r\n\r\nI work with B2B and SaaS companies to help them show up inside real Reddit conversations where buyers are already asking about tools, pricing, alternatives, and experiences.\r\n\r\nRight now, Reddit threads often rank on Google for buying-intent searches, and they are one of the first places prospects go when they are deciding what to trust. When your brand is missing from those conversations, competitors or random users end up shaping the narrative for you.\r\n\r\nWhat I do is not generic posting. I run a structured Reddit demand and reputation campaign that includes:\r\n\r\n• Monitoring relevant subreddits and keywords for high-intent threads\r\n• Entering those threads early with helpful, neutral context\r\n• Positioning your product naturally where it solves the problem being discussed\r\n• Creating discussion threads that attract people actively researching solutions\r\n• Keeping those threads active so they continue to generate visibility and leads\r\n• Ensuring posts are brand-safe, aged-account, and written to feel organic, not promotional\r\n\r\nThe result is that instead of cold traffic, you get warm inbound interest from people who were already looking for what you offer.\r\n\r\nIf this is relevant for you, I would be happy to show a few live examples and explain how it would work for your market.\r\n\r\nBest,\r\nDavid",Contact Page Form (9b702ae),2026-02-15 08:53:01,elementor-submissions-export-Contact Page Form (9b702ae)-2026-05-16.csv
,finance@volunteplo.com.ua,82995371676,https:\/\/riskdynamics.hashnode.dev\/market-structure-and-risk-allocation-in-retail-forex,,,NSFX and Nicky Gope Kundnani — Discover how investor narratives emphasize responsibility and restitution.,Homepage Form top (dd1f239),2026-02-14 14:54:59,elementor-submissions-export-Homepage Form top (dd1f239)-2026-05-16.csv
,ryan.pumasafety@gmail.com,+17433305355,https:\/\/www.pumasafety.com.au,,,Fix some problems,Homepage Form top (dd1f239),2026-02-09 13:44:39,elementor-submissions-export-Homepage Form top (dd1f239)-2026-05-16.csv
,m.el.issa.12.90.9.9@gmail.com,86517994987,https:\/\/www.tumblr.com\/americanstoneandtimber\/803690651791360000\/choosing-natural-stone-for-outdoor-and-landscape,,,"Deciding on the right components for a task plays a major role in how the final result performs. The materials you select directly impact durability and visual appeal. Various materials provide distinct benefits, with some being better suited for outdoor conditions and others performing best in indoor environments. Thinking about factors like purpose and price range helps ensure the finished work is both reliable and visually pleasing.  \r\n \r\nhttps:\/\/www.tumblr.com\/americanstoneandtimber\/803690651791360000\/choosing-natural-stone-for-outdoor-and-landscape",Homepage Form top (dd1f239),2026-02-09 05:10:12,elementor-submissions-export-Homepage Form top (dd1f239)-2026-05-16.csv
,,,,,,,Services page form (0666521),2026-02-03 02:29:02,elementor-submissions-export-Services page form (0666521)-2026-05-16.csv
,zxhjfgro@vargosmail.com,85778833949,https:\/\/fapharmacy.com,,,ONLINE PHARMACY WITHOUT PRESCRIPTION online pharmacy buypharmacymeds.net canadian pharmacy online no script Discount cialis online Generic Viagra Canada - FREE SHIPPING Greenstone brand pharmaceuticals international pharmacy no prescription Buy Discount Cialis (Tadalafil) Online from Canadian Drug Store,Homepage Form top (dd1f239),2026-02-01 06:29:01,elementor-submissions-export-Homepage Form top (dd1f239)-2026-05-16.csv
,jgbsqirv@polosmail.com,85678941135,https:\/\/skypharmacyreview.com,,,"CANADIAN PHARMACY WITHOUT PRESCRITPTION cheap viagra online Generic cialis  healthy men viagra Healthy man viagra pills New cialis pharmacy CHEAP CIALIS ONLINE - THE LOWEST PRICE GUARANTEED, discreet. Buy genuine viagra online canadian pharmacy no prescription pharmacy Wellbutrin xl 300 mg buy Price of cialis in pharmacy",Homepage Form top (dd1f239),2026-02-01 02:35:39,elementor-submissions-export-Homepage Form top (dd1f239)-2026-05-16.csv
,155@kirisbyforum.fun,83794859942,https:\/\/hook-platform.org\/slots\/micro-architecture-of-slot-machines\/,,,"Hello pals! \r\nI came across a 155 useful site that I think you should browse. \r\nThis tool is packed with a lot of useful information that you might find insightful. \r\nIt has everything you could possibly need, so be sure to give it a visit! \r\nhttps:\/\/hook-platform.org\/slots\/micro-architecture-of-slot-machines\/\r\n \r\nAdditionally don't neglect, everyone, that a person always are able to in this particular publication discover answers for the most the very complicated queries. Our team attempted to present all information using the most very easy-to-grasp way.",Homepage Form top (dd1f239),2026-01-31 19:08:32,elementor-submissions-export-Homepage Form top (dd1f239)-2026-05-16.csv
,al.eks.p.ro.f.f.i.l.e.s.@gmail.com,84617565296,https:\/\/checksite.com,,,https:\/\/checksite.com,Homepage Form top (dd1f239),2026-01-31 07:52:36,elementor-submissions-export-Homepage Form top (dd1f239)-2026-05-16.csv
,mike@monkeydigital.co,89196984654,https:\/\/www.monkeydigital.co\/product\/country-targeted-traffic\/,,,"Hello, \r\n \r\nI wanted to reach out with something that could seriously help your website’s traffic. We work with a trusted ad network that allows us to deliver genuine, country-targeted social ads traffic for just $10 per 10,000 visits. \r\n \r\nThis isn't fake traffic—it’s actual users, tailored to your target country and niche. \r\n \r\nWhat you get: \r\n \r\n10,000+ real visitors for just $10 \r\nCountry-specific traffic for multiple regions \r\nLarger traffic packages available based on your needs \r\nTrusted by SEO experts—we even use this for our SEO clients! \r\n \r\nWant to give it a try? Check out the details here: \r\nhttps:\/\/www.monkeydigital.co\/product\/country-targeted-traffic\/ \r\n \r\nOr chat with us on WhatsApp: \r\nhttps:\/\/monkeydigital.co\/whatsapp-us\/ \r\n \r\nLooking forward to helping you grow! \r\n \r\nBest, \r\nMike Jayden Martinez\r\n \r\nPhone\/whatsapp: +1 (775) 314-7914",Homepage Form top (dd1f239),2026-01-28 12:37:13,elementor-submissions-export-Homepage Form top (dd1f239)-2026-05-16.csv
,asashsan@proton.me,4409295,https:\/\/www.emvuegknbhfe.com\/,Lou Croll,App Development,"hey, saw you had some bad google reviews. I run a digital insurance company that specializes on removing these. Can i send you a free report on the ones that are hurting your reputation?",Contact Page Form (9b702ae),2026-01-28 12:28:52,elementor-submissions-export-Contact Page Form (9b702ae)-2026-05-16.csv
,no.reply.Jan-OlofGarcia@gmail.com,89148324855,https:\/\/www.no-site.com,,,"Good day! rankray.com \r\n \r\nDid you know that it is possible to send message absolutely legally? \r\nWhen such proposals are sent, no personal data is used and messages are directed to specially designed forms in order to receive messages and appeals. By using Communication Forms, messages are more likely to be seen as important, which reduces the chance of them being marked as spam. \r\nWe are now offering you the chance to use our service for free. \r\nWe are able to transmit up to 50,000 messages to you. \r\n \r\nThe cost of sending one million messages is $59. \r\n \r\nThis offer is automatically generated. \r\n \r\nContact us. \r\nTelegram - https:\/\/t.me\/FeedbackFormEU \r\nWhatsApp - +375259112693 \r\nWhatsApp  https:\/\/wa.me\/+375259112693 \r\nWe only use chat for communication.",Homepage Form top (dd1f239),2026-01-26 05:48:13,elementor-submissions-export-Homepage Form top (dd1f239)-2026-05-16.csv
,nikitafofanov46@gmail.com,87894269891,https:\/\/wa.me\/+79605581240,,,Hi! Hope your day is going smoothly. \r\n \r\nLet's get your project funded or your personal need met. I'm offering financial grants to those who need them. WhatsApp  +66838202152,Homepage Form top (dd1f239),2026-01-24 07:19:32,elementor-submissions-export-Homepage Form top (dd1f239)-2026-05-16.csv
,karddan@inbox.lv,89756476751,https:\/\/infolast.ru,,,best schools for accounting https:\/\/infolast.ru litespeed vps,Homepage Form top (dd1f239),2026-01-19 07:43:44,elementor-submissions-export-Homepage Form top (dd1f239)-2026-05-16.csv
,muhammad.saeed@aksa-sds.com,+923206660500,https:\/\/www.aksa-sds.com https:\/\/www.axabiztech.com,AKSA Solutions Development Services (Pvt.) Ltd.,Video Production,"We need quotation for corporate testimonial videos (2-3) which will last up to 1 minute each. The location will be in Islamabad, the vendor will have to visit the location and have the client record the testimonials.",Contact Page Form (9b702ae),2026-01-14 12:35:30,elementor-submissions-export-Contact Page Form (9b702ae)-2026-05-16.csv
,at9575076@gmail.com,03351692896,seo content writing and guest posting,,,"Hello,\r\nI am an SEO content writer and also provide guest posting services. I wanted to ask if you are interested in SEO-optimized content or guest posts for your website. Please let me know. Thank you.",Homepage Form top (dd1f239),2026-01-07 22:41:45,elementor-submissions-export-Homepage Form top (dd1f239)-2026-05-16.csv
,suma@shadowshift.agency,0528627251,https:\/\/shadowshift.agency\/,,,"Hi There,\r\n\r\nNoticed your team delivers strong work.Reaching out because we help agencies remove delivery bottlenecks, optimize existing design and development builds, and cut internal operations cost while strengthening Paid Media, Performance Ads, and SEO execution.\r\n\r\nWe usually step in when teams are stretched. Overflow work, tight timelines, technical fixes, or campaigns that need sharper performance without adding headcount.\r\n\r\nIf you're open, can we jump on a 15-minute call to see where we could help?\r\n\r\nBest,\r\nSuma Rizvi\r\nShadowShift Agency\r\nhttps:\/\/shadowshift.agency\/",Homepage Form top (dd1f239),2025-12-31 06:58:55,elementor-submissions-export-Homepage Form top (dd1f239)-2026-05-16.csv
,j@jmail.com,8882e4671,Gg.com,Gg,SEO,Gg,Contact Page Form (9b702ae),2025-12-30 18:05:24,elementor-submissions-export-Contact Page Form (9b702ae)-2026-05-16.csv
,dansbydruscillaoyu@gmail.com,84133386233,https:\/\/loveshop.world\/,,,Hello. https:\/\/loveshop.world\/   loveshop is back,Homepage Form top (dd1f239),2025-12-28 10:00:16,elementor-submissions-export-Homepage Form top (dd1f239)-2026-05-16.csv
,nxsffimos@ahrefto.site,83642281524,https:\/\/bornoftroublepdf.site\/,,,"The craftsmanship in Born of Trouble is evident on every page, from the character development to the plot twists. This well-written and expertly plotted story is now available as a pdf. Experience the work of a writer who truly knows how to tell a story. https:\/\/bornoftroublepdf.site\/ Modern Prose Books Download",Homepage Form top (dd1f239),2025-12-25 06:37:50,elementor-submissions-export-Homepage Form top (dd1f239)-2026-05-16.csv
,,,,,,,Services page form (17859),2025-12-23 14:23:10,elementor-submissions-export-Services page form (17859)-2026-05-16.csv
,tececofoc33@gmail.com,,,,,,Landing Page Form (527d596c),2025-12-23 14:22:48,elementor-submissions-export-Landing Page Form (527d596c)-2026-05-16.csv
,,,,,,,Services page form (891ad23),2025-12-22 15:31:01,elementor-submissions-export-Services page form (891ad23)-2026-05-16.csv
,krishna.linkbuilding@gmail.com,07908590346,https:\/\/digitallinkbuilding.com,Digital Link Building,SEO,"Hey, \r\n\r\nWe hope you are well!\r\n\r\nWe are providing ''Guest Post Services & Link Building'' that will help with increasing your:\r\n\r\nsite ranking in Google, Site credibility, metrics, traffic, and SEO score, Improve relationships within your niche, Revenue opportunities and sales.\r\n\r\nShould I send you my full list with the price? or if you want you can share your requirements.\r\n\r\nPlease let me know if you have any questions\r\nI'm waiting for your good response.\r\n\r\n\r\nRegards",Contact Page Form (9b702ae),2025-12-16 15:11:57,elementor-submissions-export-Contact Page Form (9b702ae)-2026-05-16.csv
,r41206394@gmail.com,86272236154,https:\/\/aitredo.com,,,"Moment to start earning with superior profit automated trading software based on neural networks, with fenomenal win-rate \r\nhttps:\/\/aitredo.com \r\nTG: @aitredo \r\nWhatsApp: +972557245593 \r\nEmail: sales@aitredo.com",Homepage Form top (dd1f239),2025-12-15 20:26:27,elementor-submissions-export-Homepage Form top (dd1f239)-2026-05-16.csv
,aaalogisticsusa@gmail.com,5612494679,www.aaatransportsolutions.com,,,looking to make relationships with someone that can help us get quality equipment transport leads nationwide,Homepage Form top (dd1f239),2025-12-12 19:15:42,elementor-submissions-export-Homepage Form top (dd1f239)-2026-05-16.csv
,fzcqolvqt@ahrefto.site,88128381899,https:\/\/thenightingalepdf.top\/,Nokia,Link Building,A powerful narrative of love and sacrifice. The Nightingale PDF is a must-read. It is a story that explores the true cost of war and the enduring strength of the human heart to heal and rebuild. https:\/\/thenightingalepdf.top\/ the nightingale book summary,Contact Page Form (9b702ae),2025-12-11 22:35:47,elementor-submissions-export-Contact Page Form (9b702ae)-2026-05-16.csv
,info@bestaiseocompany.com,(949) 508-0277,http:\/\/letsgetuoptimize.com,letsgetuoptimize,Website,"Hey team rankray.com,\r\n\r\nI would like to discuss SEO!\r\n\r\nI can help your website to get on first page of Google and increase the number of leads and sales you are getting from your website.\r\n\r\nMay I send you a quote & price list?\r\n\r\nBests Regards,\r\nAnkit\r\nBest AI SEO Company\r\nAccounts Manager\r\nwww.letsgetoptimize.com\r\nPhone No: +1 (949) 508-0277",Contact Page Form (9b702ae),2025-12-10 11:23:17,elementor-submissions-export-Contact Page Form (9b702ae)-2026-05-16.csv
,,,,,,,Services page form (d950e07),2025-12-10 04:32:27,elementor-submissions-export-Services page form (d950e07)-2026-05-16.csv
,,,,,,,Services page form (d202ae9),2025-12-03 01:32:27,elementor-submissions-export-Services page form (d202ae9)-2026-05-16.csv
,elmerjjohnson214@gmail.com,86433417835,https:\/\/mega-store.asia\/,,,https:\/\/mega-store.asia\/ - NEW WEBSITE HERE!!!    mega HERE,Homepage Form top (dd1f239),2025-11-27 21:29:06,elementor-submissions-export-Homepage Form top (dd1f239)-2026-05-16.csv
,info@digital-x-press.com,85484875972,https:\/\/www.digital-x-press.com\/unbeatable-seo\/,,,"Hi, \r\nI realize that some companies have difficulties grasping that organic ranking growth is a continuous effort and a well-planned monthly initiative. \r\n \r\nThe reality is, very few marketers have the dedication to wait for the progressive yet significant benefits that can completely transform their search performance. \r\n \r\nWith Google’s evolving algorithms, a stable, ongoing approach including Answer Engine Optimization (AEO) is critical for achieving a positive ROI. \r\n \r\nIf you recognize this as the best approach, collaborate with us! \r\n \r\nCheck out Our Monthly SEO Services https:\/\/www.digital-x-press.com\/unbeatable-seo\/ \r\n \r\nChat With Us on Instant Messaging https:\/\/www.digital-x-press.com\/whatsapp-us\/ \r\n \r\nWe offer exceptional outcomes for your investment, and you will appreciate choosing us as your digital marketing ally. \r\n \r\nWarm regards, \r\nDigital X SEO Experts \r\nPhone\/WhatsApp: +1 (844) 754-1148",Homepage Form top (dd1f239),2025-11-25 03:57:48,elementor-submissions-export-Homepage Form top (dd1f239)-2026-05-16.csv
,morrismi1@outlook.com,87359588967,https:\/\/www.no-site.com,,,"I'm Ahmet, a bank staff in a Turkish bank. I've been looking for someone who has the same nationality as you. A citizen of your country died in the recent earthquake in Turkey, he had in our bank fixed deposit of $11.5 million. \r\n \r\nIf my bank executive finds out about his death ,They would use the funds for themselves, I would like to prevent that from happening only if I get your cooperation, I knew about it because I was his account manager. Last week my bank held a meeting for the purpose of a bank audit to note abandoned deposit accounts. that's why I'm looking for a solution to deal with this situation because if my bank discovers his death, they will divert the funds to the board of directors.  I don't want that to happen. \r\n \r\nI request your cooperation to introduce you as the kin\/heir of the account as you are of the same nationality as him.  There is no risk;  the transaction is carried out under a legal agreement that protects you from infringement. I suggest we split the funds, 60\/40 and 40 for me. I need this fund for my daughter's surgery so keep this info confidential. email me so i can provide you with more info  ahmetaksoy1965@outlook.com.",Homepage Form top (dd1f239),2025-11-23 22:02:24,elementor-submissions-export-Homepage Form top (dd1f239)-2026-05-16.csv
,elisebnnet@gmail.com,87761674467,https:\/\/loveshop.world,,,https:\/\/loveshop.world\/ now go on!!!       loveshop.world    loveshop,Homepage Form top (dd1f239),2025-11-23 13:56:07,elementor-submissions-export-Homepage Form top (dd1f239)-2026-05-16.csv
,mkdxnnprr@lackmalelilea.shop,89222393255,https:\/\/govtopvip.com\/,,,provigil coupons 2015  provigil and klonopin   provigil 200 mg dosage provigil half life  cheap provigil 200mg tablets,Homepage Form top (dd1f239),2025-11-23 13:17:04,elementor-submissions-export-Homepage Form top (dd1f239)-2026-05-16.csv
,world@unistarfashion.com,07785201383,https:\/\/worldunistarfashion.com\/,Unistarfashion,Social Media Marketing,"Dear, I am a fashion company that needs to build a brand. I look forward to your support and cooperation in developing a sustainable and long-term strategy. I hope to receive feedback from you soon. Have a nice day. My company needs to do fashion branding.",Contact Page Form (9b702ae),2025-11-21 07:37:39,elementor-submissions-export-Contact Page Form (9b702ae)-2026-05-16.csv
,kotai.jesenia@msn.com,44194227,https:\/\/tanthroughswim.shop,Jesenia Kotai,Ads,"Good day,\r\n\r\nTired of uneven tanning on the beach?\r\n\r\nPremium design that combines style and perfect tanning.\r\n\r\nStand out with luxurious, high-quality tan-through designs.\r\n\r\nShop the unique tan-through swimwear at \r\nhttps:\/\/tanthroughlux.shop\r\n\r\nEnjoy the sun with TanThrough Swimwear.",Contact Page Form (9b702ae),2025-11-21 03:38:57,elementor-submissions-export-Contact Page Form (9b702ae)-2026-05-16.csv
,vomdlawq@bientotmail.com,85972183134,https:\/\/servisnyj-centr-bosch-msk24.ru\/,,,ремонт бош https:\/\/servisnyj-centr-bosch-msk24.ru\/,Homepage Form top (dd1f239),2025-11-20 08:59:56,elementor-submissions-export-Homepage Form top (dd1f239)-2026-05-16.csv
,boqvwkay@ahrefto.site,87498229977,https:\/\/australiangameshows.top\/,AliExpress,Link Building,The Chase Australia premiered in 2015 on Seven Network. Four contestants compete against professional Chasers attempting to prevent them reaching prize pots. https:\/\/australiangameshows.top\/,Contact Page Form (9b702ae),2025-11-20 08:43:34,elementor-submissions-export-Contact Page Form (9b702ae)-2026-05-16.csv
,uiowv@autopages.site,86663783236,https:\/\/australiangames.top\/,Nokia,Social Media Marketing,Family gaming night ideas with Australian games at https:\/\/australiangames.top\/ quality time together.,Contact Page Form (9b702ae),2025-11-19 23:24:26,elementor-submissions-export-Contact Page Form (9b702ae)-2026-05-16.csv
,fqetaa7zd@mozmail.com,83641428668,[url=https:\/\/www.eveonline.com\/signup?invc=46758c20-63e3-4816-aa0e-f91cff26ade4]EVE Online[\/url],,,Immerse into the stunning galaxy of EVE Online. Test your limits today. Explore alongside thousands of players worldwide. Join now,Homepage Form top (dd1f239),2025-11-19 08:53:05,elementor-submissions-export-Homepage Form top (dd1f239)-2026-05-16.csv
,bvlpujmlwpt@igurant1.online,87571536634,https:\/\/download-minecraft-apk.com\/,,,"Remember, the possibilities are endless in Minecraft, so have fun! \r\nminecraftapk https:\/\/download-minecraft-apk.com\/",Homepage Form top (dd1f239),2025-11-16 08:09:50,elementor-submissions-export-Homepage Form top (dd1f239)-2026-05-16.csv
,marketing-calculator.net@gmail.com,84492179889,https:\/\/marketing-calculator.net,,,Great information!,Home Footer (4cba1c40),2025-11-15 15:02:56,elementor-submissions-export-Home Footer (4cba1c40)-2026-05-16.csv
,subgxubiipt@igurant1.online,88545669928,https:\/\/download-minecraft-apk.com\/,,,"Get ready to enjoy crafting, exploring, and playing with friends in this amazing world! \r\nminecraft mcpe minecraft mcpe",Homepage Form top (dd1f239),2025-11-13 21:02:05,elementor-submissions-export-Homepage Form top (dd1f239)-2026-05-16.csv
,xunalajiwo42@gmail.com,83268993439,https:\/\/chemical696.asia\/,,,https:\/\/chemical696.asia\/ - now back on new domain! welcome  chemical696,Homepage Form top (dd1f239),2025-11-13 12:40:43,elementor-submissions-export-Homepage Form top (dd1f239)-2026-05-16.csv
,info@speed-seo.net,377460440,https:\/\/www.speed-seo.net\/product\/negative-seo-service\/,Speed SEO,App Development,Hit them back\r\nhttps:\/\/www.speed-seo.net\/product\/negative-seo-service\/\r\n\r\nwhatsapp: +1 (833) 454-8622\r\ninfo@speed-seo.net,Contact Page Form (9b702ae),2025-11-12 00:53:30,elementor-submissions-export-Contact Page Form (9b702ae)-2026-05-16.csv
,fnapolitano745@gmail.com,09830152514,rankray.com,,,"Hello ,\r\n\r\nI hope this message finds you well.\r\n\r\nI noticed that your website is not currently gaining visibility in AI-driven search results (Google AI Overviews, ChatGPT, and others) and is also underperforming in Google organic search.\r\n\r\nWith our professional expertise, we can help make your website more visible in both AI and traditional search. We have developed a 4-month plan designed to improve visibility, traffic, and overall search performance.\r\n\r\nIf you’re interested, I’d be happy to share the detailed plan along with a quotation.\r\n\r\nBest regards,\r\nFelice Napolitano",Homepage Form top (dd1f239),2025-11-07 12:40:49,elementor-submissions-export-Homepage Form top (dd1f239)-2026-05-16.csv
,mohammadjamalkhan9765@gmail.com,37281672599,https:\/\/wa.me\/+37281672599,,,Hello! I sent a request but haven't received a response yet. Please contact me via WhatsApp or by phone. \r\n \r\nwa.me\/+37281672599,Homepage Form top (dd1f239),2025-11-04 19:18:12,elementor-submissions-export-Homepage Form top (dd1f239)-2026-05-16.csv
,blog@spooky-swap.space,82168551557,https:\/\/medium.com\/@JackCryptoNews\/how-to-swap-any-token-effortlessly-even-the-illiquid-or-risky-ones-with-anyswap-270c93fbc9ee,,,Want to convert any token safely? Read this.,Homepage Form top (dd1f239),2025-11-01 21:14:26,elementor-submissions-export-Homepage Form top (dd1f239)-2026-05-16.csv
,bsara5865@gmail.com,86263973891,https:\/\/wa.me\/+447785806625,,,,Homepage Form top (dd1f239),2025-10-30 17:43:33,elementor-submissions-export-Homepage Form top (dd1f239)-2026-05-16.csv
,wcevrbr4@gmail.com,83428215387,https:\/\/eliteessayworks.com\/,,,"Before ordering, check buy essay online reviews to choose a reliable service. \r\nEvery student should learn the order of essay structure before writing.",Homepage Form top (dd1f239),2025-10-28 13:53:59,elementor-submissions-export-Homepage Form top (dd1f239)-2026-05-16.csv
,yrcpdvhff@hoopsori.shop,85965275726,https:\/\/groodx.com,,,cialis en argentina precio  buy cialis online  original cialis kaufen schweiz  american women's services,Homepage Form top (dd1f239),2025-10-28 12:44:17,elementor-submissions-export-Homepage Form top (dd1f239)-2026-05-16.csv
,hpricehm35@gmail.com,87353368151,https:\/\/mega-main.shop,,,https:\/\/mega-main.shop,Homepage Form top (dd1f239),2025-10-25 11:29:20,elementor-submissions-export-Homepage Form top (dd1f239)-2026-05-16.csv
,1dansbydruscillaoyu@gmail.com,81368647541,https:\/\/Orb11ta.help,,,https:\/\/Orb11ta.help We are back! orb11ta is online.,Homepage Form top (dd1f239),2025-10-22 14:53:42,elementor-submissions-export-Homepage Form top (dd1f239)-2026-05-16.csv
,tahirknight@yahoo.com,03355973143,Www.rankray.com,,,Yes,Homepage Form top (dd1f239),2025-10-22 13:26:01,elementor-submissions-export-Homepage Form top (dd1f239)-2026-05-16.csv
,bokisuq541@gmail.com,86394168868,https:\/\/orb11ta.asia,,,https:\/\/orb11ta.asia  is online now!,Homepage Form top (dd1f239),2025-10-21 18:19:14,elementor-submissions-export-Homepage Form top (dd1f239)-2026-05-16.csv
,Bypeceplene@freespainmail.com,89854324295,https:\/\/gay0day.com,,,"Our newest video measure ingredients is live and ready as a service to you to explore. In this update, we’ve added modern material to keep things mind-boggling and engaging. https:\/\/zeenite.com\/most-popular\/\r\nhttps:\/\/amateurxxx.one\/categories\/anal\/\r\n  Click by to enjoy the latest let off, part your thoughts, and buttress tuned quest of level more updates coming soon. This is the polish chance to take prisoner up on what’s unfamiliar and affair high-quality tranquillity, available online anytime.",Homepage Form top (dd1f239),2025-10-17 18:32:49,elementor-submissions-export-Homepage Form top (dd1f239)-2026-05-16.csv
,latrice.jansen@msn.com,894754632,https:\/\/www.uweqmdcpw.com\/,,,"Hello,\r\n\r\nWe have reviewed your website and would like to inform you that we can help you achieve the 1st position on Google in a short time and at a very affordable cost.\r\n\r\nIf you’re interested, please contact us on WhatsApp at +1 683 757 2738.",Home Footer (16564),2025-10-16 20:16:03,elementor-submissions-export-Home Footer (16564)-2026-05-16.csv
,,,,,,,Newsletter Form (7a9f263),2025-10-09 19:30:51,elementor-submissions-export-Newsletter Form (7a9f263)-2026-05-16.csv
,joriggs65@gmail.com,7231491626,https:\/\/www.wyfqmxmou.com\/,Y zmirdsulh,Social Media Marketing,"Hi,\r\n\r\nI just visited rankray.com and wondered if you'd ever thought about having an engaging video to explain what you do?\r\n\r\nOur videos cost just $195 for a 30 second video ($239 for 60 seconds) and include a full script, voice-over and video.\r\n\r\nI can show you some previous videos we've done if you want me to send some over. Let me know if you're interested in seeing samples of our previous work.\r\n\r\nRegards,\r\nJo",Contact Page Form (9b702ae),2025-10-09 16:48:47,elementor-submissions-export-Contact Page Form (9b702ae)-2026-05-16.csv
,,,,,,,Services page form (17859),2025-10-07 16:45:38,elementor-submissions-export-Services page form (17859)-2026-05-16.csv
,mullyamuhyp1970@mailopenz.com,89753571838,https:\/\/smasters.com,,,"To choose updates, prefer trusted outlets, confirm facts, note slant and find substance. Compare with multiple stories, use expert analysis, and set bulletins for topics you follow. Build media literacy https:\/\/smasters.com",Homepage Form top (dd1f239),2025-10-06 02:10:56,elementor-submissions-export-Homepage Form top (dd1f239)-2026-05-16.csv
,margaretortiz1982@nonsusceptibilomail.com,82881418443,https:\/\/skypharmacyreview.com,,,Best prices for cialis 20mg Brand viagra canadian pharmacy on script needed \r\nonline pharmacies \r\nonline pharmacies \r\ncanadian pharmacies mail order \r\ncanada meds no perscriptions \r\nnorthwest pharmacy canada Speedial,Homepage Form top (dd1f239),2025-10-03 11:47:35,elementor-submissions-export-Homepage Form top (dd1f239)-2026-05-16.csv
,e.le.fteriafernand.e.s@gmail.com,83143924972,https:\/\/acheterviagragenerique.com\/,,,viagra générique acheter viagra france,Homepage Form top (dd1f239),2025-09-29 13:36:48,elementor-submissions-export-Homepage Form top (dd1f239)-2026-05-16.csv
,sofi2000li.ve8.8.8@gmail.com,88543756995,https:\/\/dlya-tebya-i-dlya-menya.by,,,"It is pleasant not only to read on the forum, but also to discuss a wide variety of topics.  Add comfort to your communication  with a comfortable chair — modern delivery will be a pleasant bonus.",Homepage Form top (dd1f239),2025-09-28 18:35:39,elementor-submissions-export-Homepage Form top (dd1f239)-2026-05-16.csv
,contact@rankray.com,03331522577,Okay,,,kmkmkmkmk jj,Home Footer (16564),2025-09-26 16:28:09,elementor-submissions-export-Home Footer (16564)-2026-05-16.csv
,m.a.tt.ten.lys.h.lu.bel.y@gmail.com,87435252799,"[url=https:\/\/www.youtube.com\/watch?v=PdkcPCCoVpo]Enjoying Delectable Milano's pizzeria in Springfield, MA from a recommendation from Matt dagati.[\/url]",,,"Another important reason to change to solar energy may be the financial savings it gives. Solar energy panels are designed for generating electricity for businesses, reducing or eliminating the necessity for traditional resources of energy. This could bring about significant savings on energy bills, particularly in areas with high energy costs. Furthermore, there are many government incentives and tax credits available to companies that adopt solar technology, which makes it much more cost-effective and affordable. \r\n \r\nThe technology behind solar technology is simple and easy, yet highly effective. Solar energy panels are made up of photovoltaic (PV) cells, which convert sunlight into electricity. This electricity are able to be kept in batteries or fed straight into the electrical grid, with respect to the specific system design. So that you can maximize some great benefits of solar technology, you should design a custom system this is certainly tailored to your unique energy needs and requirements. This may make sure that you have the proper components set up, such as the appropriate wide range of solar energy panels while the right type of batteries, to increase your time efficiency and value savings. \r\n \r\nMethods consultant varies compared to advisor in green energy by Matthew D'Agati. \r\nSolar-Powered Transportation: Trains, Trams, & Beyond e2d0_a1",Homepage Form top (dd1f239),2025-09-24 14:46:18,elementor-submissions-export-Homepage Form top (dd1f239)-2026-05-16.csv
,letsgetuoptimize@gmail.com,(949) 508-0277,http:\/\/letsgetuoptimize.com,letsgetuoptimize,Social Media Marketing,"Hey team rankray.com,\r\n\r\nI would like to discuss SEO!\r\n\r\nI can help your website to get on first page of Google and increase the number of leads and sales you are getting from your website.\r\n\r\nMay I send you a quote & price list?\r\n\r\nBests Regards,\r\nAnkit\r\nBest AI SEO Company\r\nAccounts Manager\r\nwww.letsgetoptimize.com\r\nPhone No: +1 (949) 508-0277",Contact Page Form (9b702ae),2025-09-18 22:17:39,elementor-submissions-export-Contact Page Form (9b702ae)-2026-05-16.csv
,jill@berlingid.ru,86871319655,https:\/\/ya.in,,,"Discover your perfect shades with winter color palette and find your unique color palette. \r\nAdditionally, the comfort of conducting the analysis from home can lead to a more relaxed experience.",Homepage Form top (dd1f239),2025-09-17 18:25:23,elementor-submissions-export-Homepage Form top (dd1f239)-2026-05-16.csv
,rawtmdftc@teoskirleasipe.shop,83796852541,https:\/\/dailymedwebmddd.com,,,will amoxicillin raise blood pressure  mixing amoxicillin with juice  amoxicillin for humans is amoxicillin good for stomach infection  cefuroxime vs amoxicillin,Homepage Form top (dd1f239),2025-09-09 06:29:21,elementor-submissions-export-Homepage Form top (dd1f239)-2026-05-16.csv
,sofi2000liv.e.8.88@gmail.com,88723194522,https:\/\/dlya-tebya-i-dlya-menya.by,,,The atmosphere of the forum encourages interesting communication and exchange of opinions. Take care of your convenience —  a comfortable chair with delivery  will provide you with comfort during long discussions.,Homepage Form top (dd1f239),2025-09-08 02:22:44,elementor-submissions-export-Homepage Form top (dd1f239)-2026-05-16.csv
,peomafomi1974@mailopenz.com,84168499876,https:\/\/smasters.com,,,"To decide news, prefer trusted sources, validate facts, note slant and find depth. Triangulate with multiple stories, use expert commentary, and set alerts for topics you track. Build media literacy https:\/\/smasters.com",Homepage Form top (dd1f239),2025-09-06 19:25:07,elementor-submissions-export-Homepage Form top (dd1f239)-2026-05-16.csv
,zyavkqetzSn@kupit-matras111.ru,83972169773,stavki-prognozy-one.ru,,,stavkiprognozy https:\/\/stavki-prognozy-one.ru\/ .,Homepage Form top (dd1f239),2025-08-27 07:12:45,elementor-submissions-export-Homepage Form top (dd1f239)-2026-05-16.csv
,test.rusosky.com@gmail.com,87126738917,https:\/\/test.rusosky.com\/,,,"Hot & trending: Viral 'Magumba' TikTok dance, Kamo Mphela 'Partii' challenge, 'Schedule 1' indie game, 'Hakla SRK' meme, Echo Auto, Apple Watch Ultra 2, Stranger Things S5 \r\nhttps:\/\/test.rusosky.com\/ - Continue!..",Homepage Form top (dd1f239),2025-08-27 02:40:32,elementor-submissions-export-Homepage Form top (dd1f239)-2026-05-16.csv
,cassandraphillips1962@salpingomyu.ru,86851976462,https:\/\/mgmarket12.ru,,,"How Trump changed his mind on tariffs \r\n \r\n+2 \r\nPeter Nicholas, Garrett Haake and Carol E. Lee \r\nReporting from Washington \r\nmgmarket5.at \r\n“Liberation Day” gave way to Capitulation Day last night. \r\n \r\nPresident Donald Trump pulled back yesterday on a series of harsh tariffs targeting friends and foes alike in an audacious bid to remake the global economic order. \r\n \r\nImage: President Donald Trump \r\nSaul Loeb \/ AFP - Getty Images \r\nTrump’s early afternoon announcement followed a harrowing week in which Republican lawmakers and confidants privately warned him that the tariffs could wreck the economy. His own aides had quietly raised alarms about the financial markets before he suspended a tariff regime that he had unveiled with a flourish just one week earlier in a Rose Garden ceremony. \r\nmgmarket4 at \r\nThe stock market rose immediately after the about-face, ending days of losses that have forced older Americans who’ve been sinking their savings into 401(k)s to rethink their retirement plans. \r\n \r\nRead the full story here. \r\n \r\n32m ago \/ 12:55 PM GMT+3 \r\nSharesocial share icon trigger \r\nChina's foreign ministry calls the U.S. a '21st century barbarian' \r\n \r\nPeter Guo \r\n \r\nReporting from Hong Kong \r\n \r\nChina's public language on its trade war with the U.S. has become increasingly bellicose and took a new turn today when Beijing's foreign ministry said the Trump administration's tariffs have made the U.S. a “barbarian of the 21st century.” \r\n \r\nTrump’s tariffs will “never America great again” ministry of foreign affairs spokesperson Huang Jingrui, wrote in an open letter today in Hong Kong’s newspaper South China Morning Post. \r\nmgmarket7 at \r\n“A tariff-wielding barbarian who attempts to force countries to call and beg for mercy can never expect that call from China,” Huang said, adding that the U.S. is “obsessed with the art of bullying and blackmailing the entire world.” \r\n \r\n47m ago \/ 12:40 PM GMT+3 \r\nSharesocial share icon trigger \r\nEU welcomes 90-day tariff pause \r\n \r\nPeter Guo \r\n \r\nThe EU President Ursula von der Leyen said today that the region welcomes Trump’s announcement to pause tariffs for 90 days. \r\n \r\nVon der Leyen said the EU remains “committed to constructive negotiations” with the U.S., according to a statement from her office. \r\n \r\nMeanwhile, Europe continues to focus on diversifying their trade partnerships, engaging with countries that account for 87% of global trade, she said. \r\n \r\nTrump’s tariffs have shown that the European internal market is the region’s “anchor of stability and resilience” in times of uncertainty, von der Leyen added. \r\n \r\n1h ago \/ 12:27 PM GMT+3 \r\nSharesocial share icon trigger \r\nTrade war with China 'to spark a wave of smuggling' \r\n \r\nPeter Guo \r\n \r\nReporting from Hong Kong \r\nmgmarket5.at \r\nIrregular trade including smuggling will most likely rise amid the U.S.' and China's tit-for-tat tariffs, an economist warns. \r\n \r\nThe cost of tariffs has become “prohibitive to almost every company,” Tianchen Xu, senior economist at Economist Intelligence Unit. \r\n \r\n“As a result, trade flows in both directions will tumble, and irregular trade will proliferate, including smuggling, transshipment and systemic under-reporting of trade value during customs clearance,” Xu said in a note. \r\n \r\nXu said trade negotiations and a partial de-escalation in the ongoing trade war may ensue in the coming months, but those tensions are likely to worsen in the short term between the world’s two largest economies. \r\n \r\n1h ago \/ 12:09 PM GMT+3 \r\nSharesocial share icon trigger \r\nCalifornia plant business owner says costs will double with tariffs \r\n \r\nGadi Schwartz and Phil Helsel \r\nThe owner of a California home decor and plant shop said that even in dealing locally, the sourcing of goods from China is impossible to avoid. \r\nmgmarket3 at \r\n \r\nhttps:\/\/mgmarket18.ru",Homepage Form top (dd1f239),2025-08-27 01:44:25,elementor-submissions-export-Homepage Form top (dd1f239)-2026-05-16.csv
,jonieleib1968@salpingomyu.ru,89421459883,https:\/\/mega2ooyov5nrf42ld7gnbsurg2rgmxn2xkxj5datwzv3qy5pk3p57qd.com,,,"By Henry Austin \r\nA Russian-American woman who was imprisoned for treason by Russia has been freed, Secretary of State Marco Rubio said Thursday. \r\nmega1.to \r\nFormer ballerina Ksenia Karelina was born in Russia but had built a new life as an aesthetician at a Los Angeles spa after immigrating to the United States over a decade ago. She “is on a plane back home to the United States,” having been “wrongfully detained by Russia for over a year,” Rubio said on in a post on X. He credited President Donald Trump with securing her release. \r\nmegalinks at \r\nKarolina’s lawyer, Mikhail Mushailov, confirmed her release in a statement on Instagram. “Two hours ago she was in touch with her relatives and took off from Abu Dhabi to the U.S.,” he wrote, adding that he had known about her release since Tuesday. \r\nmegalinks at \r\nRussia’s Federal Security Service (FSB) detained Karelina in January 2024 while she was visiting her parents and young sister in the city Yekaterinburg. It did not provide further details or evidence of her alleged crime. \r\nmega2o2nde2gzktxse2fesqpyfeoma72qmvk3fkecip2l3uv3tbn5mad onion \r\nAt the time, Russian legal group Perviy Otdel said it had information that Karelina had donated just over $51.80 from her U.S. bank account on Feb. 24, 2022 — the day that Russia launched its full-scale invasion of Ukraine — to a charity that sends aid to Ukraine. A spa where she had previously worked confirmed this in a statement on Facebook. \r\n \r\nAlthough Russia’s FSB did not confirm that figure, it said Karelina’s donation “was subsequently used to purchase tactical medical supplies, equipment, weapons, and ammunition for the Ukrainian armed forces.” \r\n \r\nShe was sentenced in August to 12 years in a penal colony for “high treason,” having “fully admitted her guilt” at a closed trial in the southwestern Russian city of Yekaterinberg, Sverdlovsky Region Court said in a news release at the time. \r\n \r\nThe sentence came against the backdrop of Russia’s 3-year-long war with Ukraine during which President Vladimir Putin’s government has cracked down on dissent. Any perceived criticism of the military is banned. \r\n \r\nRecommended \r\nmega1 to \r\n \r\nhttps:\/\/mega2ousbpnmmput4tiyu4oa4mjck2icier52ud6lmgrhzlikrxmysid.com",Homepage Form top (dd1f239),2025-08-27 01:42:58,elementor-submissions-export-Homepage Form top (dd1f239)-2026-05-16.csv
,xrumer23quecy@gmail.com,81164141755,https:\/\/Data-Leaks.org,,,"Antipublic – Find what google can’t find \r\nGreat in data leak: With over 20 billion collected passwords \r\nSuper fast search speed: Allows easy and super fast search of any user or domain. \r\nMany options for buy, many discout. Just 2$ to experience all functions, Allows downloading clean data from your query. \r\nGo to : https:\/\/antipublic.net\/referral?code=REF4YIJHD8R",Homepage Form top (dd1f239),2025-08-25 18:10:57,elementor-submissions-export-Homepage Form top (dd1f239)-2026-05-16.csv
,valik-grigorev76440@rambler.ru,86213788872,https:\/\/kane-9fcb.com\/,,,Hi mates \r\nI recently saw a verified blog of a professional player. I recommend it to anyone interested in the sport. I came across it while watching a sports stream:\r\n https:\/\/kane-9fcb.com\/records\/,Homepage Form top (dd1f239),2025-08-25 14:08:39,elementor-submissions-export-Homepage Form top (dd1f239)-2026-05-16.csv
,icucareso90.2@gmail.com,86564654242,https:\/\/burenieskvazhinnavodu.by,,,"Reading the forum topics, I was once again convinced that there is no limit to creativity and the desire for comfort. Everyone shares tips, tells you how to cope with difficulties, speed up household processes, and improve the space around you. It is important not to focus on standard schemes, but to look for new approaches to solving familiar tasks, because it is creativity that often leads to unexpected but beneficial results. For example, tips on storage, organization of space, choice of materials and equipment — all this looks like a small mosaic that adds up to a picture of an ideal lifestyle. \r\n \r\nBut no cozy environment, even with the most modern solutions, will be complete without a reliable water supply. This raises the question of the well, because it is its own water source that often becomes the answer to the challenges of the time, rising tariffs, and interruptions of centralized networks. This is a sustainable solution for those who value stability and care about the future of the family. Before investing your energy and resources in the next renovation or landscaping, check how well the water supply system is thought out. Perhaps drilling a well will be the very step that will make your home truly autonomous and convenient.Forum dialogues are an inexhaustible source of useful information, an example of how a collective mind can take any participant to a new level if they are ready for change. Many topics — from cooking to complex repairs, from growing plants to building a career — are filled with the energy of finding optimal solutions. We learn how to analyze, make forecasts, calculate a budget, and adopt the most reliable methods that make it easier to adapt to changing living conditions. \r\n \r\nWater supply is increasingly becoming a key household issue: stability, cleanliness, and cost-effectiveness. Drilling your own well becomes an important step if you want to reach a new level of autonomy and get rid of unexpected interruptions. This is not only comfort and self-care, but also concern for the future of the family. The choice of a contractor and drilling technology should be approached carefully, but the result justifies the effort — a high-quality well has been used for decades and makes your home a real fortress that does not need anything.Forum discussions are a great incentive for growth, because they encourage you to try out new solutions to standard problems, as well as look at all kinds of situations from an unexpected perspective. Tips on saving time, choosing equipment, or planning a budget — all this strengthens self-confidence and the ability to act competently. We take over the analyzed and proven strategies, not limited to the usual methods of construction, arrangement or operation of machinery. \r\n \r\nBut no house or plot should be left without reliable water, regardless of the invested funds and design delights. Drilling a well is an important step that leaves behind problems with interruptions, pollution or restrictions of the central water supply. Our own well will provide a long-term resource of clean water, independence and long-term growth. Before the next project, try to calculate what a new well will yield — this is a much bigger contribution than it might seem at first glance.",Homepage Form top (dd1f239),2025-08-25 06:05:32,elementor-submissions-export-Homepage Form top (dd1f239)-2026-05-16.csv
,romabookim@gmail.com,89336271477,http:\/\/itsjackpottime.com,,,"Immerse yourself in the thrilling world of online casinos, where every spin ignites anticipation and luck! New players are greeted with generous sign-up bonuses, including 50 free spins just for registering, while welcome bonuses as high as 100вЂ“200% amplify your start, like those at Vavada. Experience free play in demo mode, exploring vibrant slots from Pragmatic Play or poker strategies without risking a dime. Bonus cash and free spins add more fun, extending your gaming adventure. Always check the bonus wagering requirements and dive into safe gambling on licensed platforms!  https:\/\/tinyurl.com\/2nvx47mw",Homepage Form top (dd1f239),2025-08-18 09:53:42,elementor-submissions-export-Homepage Form top (dd1f239)-2026-05-16.csv
,raymonduteneanymn@gmail.com,89193374986,https:\/\/www.no-site.com,,,"Hello! rankray.com \r\n \r\nExpand your business lawfully and without hassle with automated outreach. \r\nWhen such offers are dispatched, we do not use personal information, and communications are delivered to forms specifically designed to receive messages and appeals. \r\nSince Contact Forms are used for direct communication, emails sent this way are handled differently than bulk emails. \r\nStart using our service today—no commitments! \r\nWe can dispatch up to 50,000 messages on your behalf. \r\n \r\nThe cost of sending one million messages is $59. \r\n \r\nThis offer is automatically generated. \r\n \r\nContact us. \r\nTelegram - https:\/\/t.me\/FeedbackFormEU \r\nWhatsApp - +375259112693 \r\nWhatsApp  https:\/\/wa.me\/+375259112693 \r\nWe only use chat for communication.",Homepage Form top (dd1f239),2025-08-17 03:02:54,elementor-submissions-export-Homepage Form top (dd1f239)-2026-05-16.csv
,altonmoreno1990@salpingomyu.ru,83956279991,https:\/\/kraken27-at.com,,,"Americans nearing retirement and recent retirees said they were anxious and frustrated following a second day of market turmoil that hit their 401(k)s after President Donald Trump’s escalation of tariffs. \r\n \r\nkraken27.at \r\nAs the impending tariffs shook the global economy Friday, people who were planning on their retirement accounts to carry them through their golden years said the economic chaos was hitting too close to home. \r\n \r\nkra5 \r\nSome said they are pausing big-ticket purchases and reconsidering home renovations, while others said they fear their quality of life will be adversely affected by all the turmoil. \r\n \r\n“I’m just kind of stunned, and with so much money in the market, we just sort of have to hope we have enough time to recover,” said Paula, 68, a former occupational health professional in New Jersey who retired three years ago. \r\n \r\nPaula, who spoke on the condition of anonymity because she feared retaliation for speaking out against Trump administration policies, said she was worried about what lies ahead. \r\nhttps:\/\/kra-28-at.cc \r\n“What we’ve been doing is trying to enjoy the time that we have, but you want to be able to make it last,” Paula said Friday. “I have no confidence here.” \r\n \r\nTrump fulfilled his campaign promise this week to unleash sweeping tariffs, including on the United States’ largest trading partners, in a move that has sparked fears of a global trade war. The decision sent the stock market spinning. On Friday afternoon, the broad-based S&P 500 closed down 6%, the tech-heavy Nasdaq dropped 5.8%, and the Dow Jones Industrial Average fell more than 2,200 points, or about 5.5%.",Homepage Form top (dd1f239),2025-08-15 10:36:13,elementor-submissions-export-Homepage Form top (dd1f239)-2026-05-16.csv
,elizabethzackery1905@salpingomyu.ru,82571597774,https:\/\/kraken14-at.com,,,"Americans nearing retirement and recent retirees said they were anxious and frustrated following a second day of market turmoil that hit their 401(k)s after President Donald Trump’s escalation of tariffs. \r\n \r\nkraken4 \r\nAs the impending tariffs shook the global economy Friday, people who were planning on their retirement accounts to carry them through their golden years said the economic chaos was hitting too close to home. \r\n \r\nkraken2 at \r\nSome said they are pausing big-ticket purchases and reconsidering home renovations, while others said they fear their quality of life will be adversely affected by all the turmoil. \r\n \r\n“I’m just kind of stunned, and with so much money in the market, we just sort of have to hope we have enough time to recover,” said Paula, 68, a former occupational health professional in New Jersey who retired three years ago. \r\n \r\nPaula, who spoke on the condition of anonymity because she feared retaliation for speaking out against Trump administration policies, said she was worried about what lies ahead. \r\nhttps:\/\/kra21a.cc \r\n“What we’ve been doing is trying to enjoy the time that we have, but you want to be able to make it last,” Paula said Friday. “I have no confidence here.” \r\n \r\nTrump fulfilled his campaign promise this week to unleash sweeping tariffs, including on the United States’ largest trading partners, in a move that has sparked fears of a global trade war. The decision sent the stock market spinning. On Friday afternoon, the broad-based S&P 500 closed down 6%, the tech-heavy Nasdaq dropped 5.8%, and the Dow Jones Industrial Average fell more than 2,200 points, or about 5.5%.",Homepage Form top (dd1f239),2025-08-15 03:19:21,elementor-submissions-export-Homepage Form top (dd1f239)-2026-05-16.csv
,cribb.hollie@yahoo.com,3664554068,https:\/\/www.digistore24.com\/redir\/449012\/kolokokoko\/,Hollie Cribb,App Development,,Contact Page Form (9b702ae),2025-08-13 00:42:24,elementor-submissions-export-Contact Page Form (9b702ae)-2026-05-16.csv
,,,,,,,Services page form (17859),2025-08-11 02:00:45,elementor-submissions-export-Services page form (17859)-2026-05-16.csv
,mark.nickelson@growseo.com,6474741325,https:\/\/www.sfwvpcpuacnywq.com\/,Mark Nickelson,AI Automation,"Hi,\r\n\r\nMy name is Mark from GrowSEO. I came across your website and thought you might be interested in our services.\r\n\r\nWe provide Google Review Cards with Stands, a powerful tool that shows only your 5-star reviews publicly on Google while handling lower ratings privately. It includes lifetime dashboard access with advanced features no other company offers. This helps improve your Google ranking and attract more clients. We also offer reseller and affiliate programs.\r\n\r\nThe card is made of plastic and can be carried with you or placed at checkout using the included mini stand. Customers simply tap it with their phone or scan the QR code. It takes them straight to your Google review page with no typing, no searching, and no hassle.\r\n\r\nMaking it easy to leave a review leads to more reviews.\r\n\r\nWe also offer SEO services to boost your rankings on Google and Google Maps, as well as web hosting with ongoing website updates.\r\n\r\n\r\nGrowSEO has been in business since 2005.\r\nYou can search “GrowSEO Reviews Card” on Google to learn more.\r\n\r\n\r\nIf you have any questions, feel free to reach out. I would be happy to help.\r\n\r\nIf you are not interested, please reply and let me know so I won't contact you again.\r\n\r\n\r\nRespectfully,\r\nMark Nickelson",Contact Page Form (9b702ae),2025-08-09 18:12:34,elementor-submissions-export-Contact Page Form (9b702ae)-2026-05-16.csv
,almeta_muller@creatbotd6002.com,87397865442,[url=https:\/\/creatbotd6002.com]Creatbot D600[\/url],,,"CreatBot D600 Pro 2 is a advanced industrial 3D printer designed for professionals requiring precision, dependability, and versatility in 3D printing. As part of the D600 lineup, it incorporates a spacious build volume, advanced dual extruder technology, and high-performance features suitable for industrial-scale applications and complex materials. \r\n \r\nOverview of the CreatBot D600 Series \r\nThe CreatBot D600 Series and D600 Pro establish new standards for large-scale 3D printers solutions. With a printing area of 600 ? 600 ? 600 mm, these professional large format 3D printers cater to a broad spectrum of industrial 3D printing demands, from large model prototyping to end-use production. The D600 pro series and the latest D600 Pro2 HS introduce further improvements in performance and material compatibility. \r\n \r\nKey Features and Advantages \r\nLarge Industrial Build Volume \r\n \r\nBuild volume: 600 ? 600 ? 600 mm \r\nIdeal for large format 3D printing projects and industrial 3D printing \r\nSupports engineering-grade materials and complex prototypes \r\n \r\n \r\nDual Extruder System and High-Temperature Printing \r\n \r\n4th generation dual 1.75mm extruders for multi-material printing \r\nRight and left-side extruder design for flexible printing \r\nSupports high performance 3D materials, including PLA, nylon filament, carbon fiber, and more \r\nMaximum nozzle temperature: up to 420°C (high-heat) \r\nHeated build chamber for high-performance applications \r\n \r\n \r\nPrecision, Speed and Reliability \r\n \r\nProfessional 3d print quality with accurate layer resolution \r\nAdvanced motion system for high-speed printing and robust performance \r\nConsistent print speed up to 120 mm\/s \r\nReliable operation for continuous industrial use \r\n \r\n \r\nCompatible Materials and Filaments \r\nBroad Filament Support \r\n \r\nWorks with a broad spectrum of filament types: PLA, ABS, PC, PETG, PVA, nylon filament, carbon fiber, and more \r\nDesigned for technical materials and functional prototyping \r\nAdvanced dual extrusion system enables multi-material and soluble support printing \r\n \r\n \r\nUses: Prototyping & Manufacturing \r\nThe CreatBot D600 Pro 2 model and D600 Pro serve a diverse set of applications: \r\n \r\nRapid prototyping and large scale 3D printing models \r\nFunctional parts for automotive, aerospace, and engineering \r\nTooling, jigs, and fixtures for industrial production \r\nArt, architecture, and creative projects requiring large industrial 3D printing \r\n \r\n \r\nTechnical Specifications \r\n \r\nModel: CreatBot D600 Pro 2, D600 Pro, D600 \r\nBuild volume: 600 ? 600 ? 600 mm \r\nExtruder: Dual extruder, 4th generation 1.75mm dual extruders and hotends \r\nMaximum extruder temperature: 420°C \r\nBed temperature: up to 100°C \r\nFilament diameter: 1.75 mm \r\nLayer height: 0.05 – 0.3 mm \r\nSupported materials: PLA, ABS, PC, PETG, PVA, nylon, carbon fiber, engineering-grade materials \r\nPrint speed: up to 120 mm\/s \r\nChamber: Heated, for improved material properties \r\nControl: Touchscreen interface \r\nSupported file types: STL, OBJ, AMF \r\n \r\n \r\nComparing D600 Models \r\nKey Differences \r\n \r\nD600: Entry-level industrial large scale 3d printer for basic applications \r\nD600 Pro model: Enhanced with heated chamber, auto bed leveling, and wider material support \r\nD600 Pro 2 (professional version): Adds higher printing speed, improved reliability, and HS (high speed) configuration \r\n \r\n \r\nOther CreatBot Models \r\n \r\nCreatBot D1000 for even larger build volumes \r\nCreatBot 3D printer includes industrial and professional 3d printer solutions \r\n \r\n \r\nFAQ \r\nCompatible Materials for CreatBot D600 Pro 2 \r\nThe CreatBot D600 Pro 2 is compatible with a wide range of filament types including PLA, ABS, PETG, PC, nylon filament, carbon-fiber, and other engineering-grade materials. \r\n \r\nWhat is the maximum build volume of the D600 Pro 2? \r\nThe build volume is 600 ? 600 ? 600 mm, supporting large model and industrial 3d printing needs. \r\n \r\nDual Extruder and High-Temp Support on D600 Pro 2 \r\nYes, it is equipped with dual extruder technology and reaches up to 420°C for high-temperature printing. \r\n \r\nWhat differentiates the D600 Pro 2 from the D600 Pro? \r\nThe Pro Version offers higher print speed, improved reliability, and the new HS (high speed) option. \r\n \r\nSummary \r\nThe CreatBot D600 Pro 2 and the D600 Pro set the benchmark in the industrial 3D printer category. With exceptional build size, robust dual extrusion system, compatibility with engineering-grade materials, and top performance across applications, they empower businesses and engineers to achieve new heights in industrial 3D print. \r\n \r\nd1000\r\ncreatbot d600\r\nextruder\r\ndual extruder",Homepage Form top (dd1f239),2025-08-05 02:17:37,elementor-submissions-export-Homepage Form top (dd1f239)-2026-05-16.csv
,joannariggs07@gmail.com,3990376019,https:\/\/www.gphioeqgyz.com\/,U E Ladzf qyu,Ads,"Hi,\r\n\r\nI just visited rankray.com and wondered if you'd ever thought about having an engaging video to explain what you do, or to be used on social media as a promotional tool?\r\n\r\nOur prices start from just $195.\r\n\r\nLet me know if you're interested in seeing samples of our previous work.\r\n\r\nRegards,\r\nJoanna",Contact Page Form (9b702ae),2025-08-03 15:15:32,elementor-submissions-export-Contact Page Form (9b702ae)-2026-05-16.csv
,20xrumer11@farironalds.com,89493634933,https:\/\/pharmavisuals.com\/zyrtec.html,,,want buy seroquel buy zyrtec liquid seroquel yellow pill diclofenac diclofenac tabletten einnahme clonidine tablets lasix furosemide order seroquel sale clonidine discount card where to buy lasix furosemide buy zofran canada order seroquel line buy diclofenac suppositories,Homepage Form top (dd1f239),2025-08-03 11:15:21,elementor-submissions-export-Homepage Form top (dd1f239)-2026-05-16.csv
,freddieMoiva@inboxgate.rest,87912439812,https:\/\/maba-3d-druck.de,,,"Exactly what I was thinking, thanks for sharing. \r\n \r\nBy the way, I visited this site recently: worth a look \r\n \r\nAnyone else seen it?.",Homepage Form top (dd1f239),2025-08-01 16:48:36,elementor-submissions-export-Homepage Form top (dd1f239)-2026-05-16.csv
,katerinejones1979@salpingomyu.ru,82498467911,https:\/\/megaweb-9at.com,,,"Ukrainian President Volodymyr Zelensky will meet US President Joe Biden and Vice President Kamala Harris in Washington on Thursday. Leon Neal\/Getty Images \r\nCNN \r\n— \r\nUkrainian President Volodymyr Zelensky’s visit to the White House on Thursday could be his final chance to convince a receptive American president of his country’s war aims. \r\nmegaweb18.at \r\nThe precise details of the “victory plan” Zelensky plans to present in separate meetings to President Joe Biden and Vice President Kamala Harris are unknown, having been closely held until they are presented to the American leaders. \r\n \r\nBut according to people briefed on its broad contours, the plan reflects the Ukrainian leader’s urgent appeals for more immediate help countering Russia’s invasion. Zelensky is also poised to push for long-term security guarantees that could withstand changes in American leadership ahead of what is widely expected to be a close presidential election between Harris and former President Donald Trump. \r\n \r\nThe plan, people familiar with it said, acts as Zelensky’s response to growing war weariness even among his staunchest of western allies. It will make the case that Ukraine can still win — and does not need to cede Russian-seized territory for the fighting to end — if enough assistance is rushed in. \r\n \r\nThat includes again asking permission to fire Western provided long-range weapons deeper into Russian territory, a line Biden once was loathe to cross but which he’s recently appeared more open to as he has come under growing pressure to relent. \r\n \r\nEven if Biden decides to allow the long-range fires, it’s unclear whether the change in policy would be announced publicly. \r\n \r\nBiden is usually apt to take his time making decisions about providing Ukraine new capabilities. But with November’s election potentially portending a major change in American approach to the war if Trump were to win, Ukrainian officials — and many American ones — believe there is little time to waste. \r\nmega666z6zxc36pkvhvbsg5hevdtr7v5c7icbul3aj74spcgcjydkqad.onion \r\nhttps:\/\/megaweb-11at.com \r\nTrump has claimed he will be able to “settle” the war upon taking office and has suggested he’ll end US support for Kyiv’s war effort. \r\n \r\n“Those cities are gone, they’re gone, and we continue to give billions of dollars to a man who refused to make a deal, Zelensky. There was no deal that he could have made that wouldn’t have been better than the situation you have right now. You have a country that has been obliterated, not possible to be rebuilt,” Trump said during a campaign speech in Mint Hill, North Carolina, on Wednesday. \r\n \r\nComments like those have lent new weight to Thursday’s Oval Office talks, according to American and European officials, who have described an imperative to surge assistance to Ukraine while Biden is still in office. \r\n \r\nAs part of Zelensky’s visit, the US is expected to announce a major new security package, thought it will likely delay the shipping of the equipment due to inventory shortages, CNN previously reported according to two US officials. On Wednesday, the US announced a package of $375 million. \r\n \r\nThe president previewed Zelensky’s visit to the White House a day beforehand, declaring on the margins of the United Nations General Assembly his administration was “determined to ensure that Ukraine has what it needs to prevail in fight for survival.” \r\nmegaweb2.at \r\n“Tomorrow, I will announce a series of actions to accelerate support for Ukraine’s military – but we know Ukraine’s future victory is about more than what happens on the battlefield, it’s also about what Ukrainians do make the most of a free and independent future, which so many have sacrificed so much for,” he said.",Homepage Form top (dd1f239),2025-07-31 18:00:41,elementor-submissions-export-Homepage Form top (dd1f239)-2026-05-16.csv
,dkyvsgoxfKt@konsultaciya-yurista-msk01.store,81214663683,https:\/\/konsultaciya-yurista-msk01.ru\/,,,,Homepage Form top (dd1f239),2025-07-30 16:16:32,elementor-submissions-export-Homepage Form top (dd1f239)-2026-05-16.csv
,,,,,,,Services page form (0666521),2025-07-30 15:42:02,elementor-submissions-export-Services page form (0666521)-2026-05-16.csv
,,,,,,,Services page form (0666521),2025-07-30 15:41:55,elementor-submissions-export-Services page form (0666521)-2026-05-16.csv
,emilygrace.studio@outlook.com,4529706179,False,,,"With the LocalRank instant citation builder, you can build hundreds of citations for your clients effortlessly.\r\n\r\nWe're sure in our product that we guarantee your clients' Google Maps rankings will go up within 3 months—or you get every penny back.\r\n\r\nWe take care of the heavy lifting while your agency shines.\r\nUse coupon code CONTACT20 to unlock 20% off.\r\n\r\nGoogle \local rank tracker\"" and find LocalRank to get started today.""",Home Footer (16564),2025-07-28 16:23:26,elementor-submissions-export-Home Footer (16564)-2026-05-16.csv
,lucygordon.mkt@gmail.com,1201201200,http:\/\/webpageoptimization.com,,,"Hello team, \r\n\r\nI would love to help you enhance your website’s search engine ranking through tailored SEO strategies to improve its visibility and performance on Google, Yahoo, and Bing.\r\n\r\n Because of this you're losing a ton of calls to your competitors!\r\n\r\nWe can place your website on Google's 1st page.\r\n\r\nCall Request  -\r\n   I'd love to schedule a quick call to go over the details. When would be a convenient time for you?\r\n\r\nThank you,\r\n\r\n\r\n\r\n\r\nLucy Gordon\r\n\r\n\r\nrankray.com",Home Footer (16564),2025-07-27 16:33:08,elementor-submissions-export-Home Footer (16564)-2026-05-16.csv
,sitebig.choic.e@gmail.com,84976795798,https:\/\/kuhnia-nazakaz.by,,,"New trends always arouse interest and sometimes confuse. In this post, I will collect the most relevant trends in kitchen design for 2025, let's discuss what works and what is better to leave in the past, and what will help to do your interior is stylish and functional.",Homepage Form top (dd1f239),2025-07-21 19:21:19,elementor-submissions-export-Homepage Form top (dd1f239)-2026-05-16.csv
,kevintest@iartun.com,89328265533,https:\/\/taxi-prive.com\/limo-service-seattle-airport\/,,,Seattle Airport Car Service  offers luxurious limousine rides for passengers arriving at or departing from Sea-Tac. This convenient service provides professional chauffeurs and high-end vehicles to ensure a comfortable and stylish travel experience. - https:\/\/taxi-prive.com\/limo-service-seattle-airport\/,Homepage Form top (dd1f239),2025-07-21 06:46:36,elementor-submissions-export-Homepage Form top (dd1f239)-2026-05-16.csv
,j.28.5.6.9.9.8.@gmail.com,85682243245,[url=https:\/\/canada-chiropractic.com\/holiday-travels-and-your-body\/]Auto accident chiropractic care Slc[\/url],,,"Many people with migraines rely on OTC drugs for temporary comfort, but non-invasive chiropractic treatment is a better long-term option. Migraine-focused chiropractors correct postural imbalances in the neck that contribute to nerve irritation and restricted circulation. Neck realignment can ease head pain and reduce how often migraines strike, often linked to desk jobs, stress, or sitting too long. When searching for “migraine chiropractor near me,” patients often discover that adjustments help people sleep better and feel calmer. Chiropractors who specialize in headaches understand how tight muscles and pinched nerves often lead to headache onset. They use careful manipulations that correct neck and upper back function, contributing to durable brain-body connection. If migraines have been interfering with your daily routine, chiropractic therapy could be the key to managing migraines naturally. \r\n \r\nchronic pain Chiropractic Care Salt Lake city \r\n \r\nChiropractic care options for post-service recovery 2e6dced",Homepage Form top (dd1f239),2025-07-20 20:05:29,elementor-submissions-export-Homepage Form top (dd1f239)-2026-05-16.csv
,syuapaomn@gazeta.pl,89615154394,https:\/\/vibrometro1a.com,,,"analizador de vibraciones \r\nEquipos de calibracion: clave para el funcionamiento estable y optimo de las maquinarias. \r\n \r\nEn el entorno de la ciencia avanzada, donde la efectividad y la estabilidad del sistema son de gran importancia, los dispositivos de calibracion tienen un funcion vital. Estos sistemas especializados estan creados para balancear y asegurar partes rotativas, ya sea en dispositivos de fabrica, automoviles de movilidad o incluso en dispositivos caseros. \r\n \r\nPara los expertos en reparacion de sistemas y los especialistas, utilizar con dispositivos de balanceo es esencial para garantizar el rendimiento suave y fiable de cualquier sistema movil. Gracias a estas opciones innovadoras modernas, es posible minimizar notablemente las vibraciones, el sonido y la carga sobre los cojinetes, prolongando la tiempo de servicio de componentes valiosos. \r\n \r\nDe igual manera importante es el papel que desempenan los sistemas de calibracion en la servicio al usuario. El ayuda profesional y el conservacion regular utilizando estos sistemas habilitan dar prestaciones de alta nivel, elevando la bienestar de los usuarios. \r\n \r\nPara los duenos de negocios, la financiamiento en sistemas de ajuste y sensores puede ser esencial para incrementar la eficiencia y desempeno de sus dispositivos. Esto es especialmente relevante para los inversores que manejan pequenas y modestas organizaciones, donde cada elemento es relevante. \r\n \r\nTambien, los dispositivos de balanceo tienen una amplia implementacion en el sector de la prevencion y el supervision de calidad. Posibilitan encontrar eventuales errores, evitando intervenciones elevadas y danos a los aparatos. Ademas, los datos recopilados de estos sistemas pueden usarse para maximizar procedimientos y potenciar la reconocimiento en plataformas de busqueda. \r\n \r\nLas zonas de utilizacion de los aparatos de ajuste incluyen variadas ramas, desde la manufactura de vehiculos de dos ruedas hasta el seguimiento ecologico. No importa si se habla de enormes producciones productivas o pequenos talleres hogarenos, los sistemas de equilibrado son necesarios para proteger un funcionamiento eficiente y libre de detenciones.",Homepage Form top (dd1f239),2025-07-18 23:29:09,elementor-submissions-export-Homepage Form top (dd1f239)-2026-05-16.csv
,adam.liu@chinaregistry.org.cn,+86-216191 8696,https:\/\/www.chinaregistry.org.cn\/,China Registry,Social Media Marketing,"(It's very urgent, therefore we kindly ask you to forward this message to your CEO. If you believe this has been sent to you in error, please ignore it. Thanks)\r\n\r\nDear CEO,\r\n\r\nThis email is from China domain name registration center, which mainly deal with the domain name registration in China. On November 10, 2025, we received an application from Baokang Holdings Ltd requested the \Rankray\"" as their internet keyword and Chinese (CN) domain names (Rankray.cn",Rankray.com.cn,Rankray.org.cn). But after checking it,elementor-submissions-export-Contact Page Form (9b702ae)-2026-05-16.csv
,duocsi.letruongan@gmail.com,88778621443,https:\/\/cr8.vn\/thiet-ke-lai-logo-gia-bao-nhieu-cho-thuong-hieu-len-doi,,,"Thi?t K? L?i Logo Giá Bao Nhiêu? CR8 Design B?t Mí T? A–Z Cho Thuong Hi?u “Lên Ð?i” \r\nN?u b?n dang lan tan “thi?t k? l?i logo giá bao nhiêu”, thì tin mình di, con s? trên báo giá ch? là b? n?i. Logo không don thu?n là m?t cái hình d?p d? g?n lên s?n ph?m — nó là “m?t mui” thuong hi?u, là th? khách hàng nh? d?n d?u tiên. Và khi dã d?n lúc thay d?i ho?c nâng c?p nó, câu chuy?n không ch? d?ng ? vài nét v?. \r\nV?i CR8 Design, “v? l?i” logo không ph?i là vi?c d?i font, thay màu cho vui. Ðó là c? m?t hành trình d? làm m?i hình ?nh mà v?n gi? du?c “cái h?n” thuong hi?u — sao cho khách cu v?n nh?n ra, khách m?i v?n th?y cu?n hút. \r\nV?y t?i sao doanh nghi?p ph?i quan tâm d?n chuy?n làm l?i logo? B?i vì logo không ch? là hình ?nh; nó là cách khách hàng nh? d?n b?n, là c?m xúc h? mang theo m?i khi nh?c d?n thuong hi?u. N?u logo cu dã l?i th?i, không còn ph?n ánh dúng tinh th?n doanh nghi?p, ho?c t? hon… b?n dã m?t file g?c, thì dã d?n lúc nâng c?p. \r\nVà t?t nhiên, câu h?i “thi?t k? l?i logo giá bao nhiêu” không có câu tr? l?i duy nh?t. Nó ph? thu?c vào quy mô, m?c tiêu, và c?… tham v?ng c?a b?n v?i thuong hi?u. Trong bài này, CR8 Design s? chia s? th?ng th?n t?t c? nh?ng gì b?n c?n bi?t: t? m?c giá ph? bi?n, y?u t? ?nh hu?ng, d?n nh?ng tips ch?n gói phù h?p, kèm case study th?c t? d? b?n t? tin xu?ng ti?n. \r\n“Thi?t k? l?i logo” là gì và khi nào b?n th?c s? c?n d?n nó? \r\nTru?c khi di sâu vào chi phí, hãy cùng CR8 làm rõ khái ni?m. \Thi?t k? l?i logo\"" không ch? don thu?n là v? l?i cho d?p hon. Nó bao g?m hai c?p d? chính: \r\nNâng c?p\/Tinh ch?nh (Refine\/Refresh): Ðây là quá trình \""tút tát\"" l?i logo cu",gi? l?i nh?ng y?u t? c?t lõi dã quen thu?c v?i khách hàng nhung di?u ch?nh l?i du?ng nét,font ch? cho hi?n d?i và phù h?p hon. \r\nTái thi?t k?\/Rebranding: Ðây là m?t s? thay d?i l?n,elementor-submissions-export-Homepage Form top (dd1f239)-2026-05-16.csv
