product_name,product_slug,kind,role,filename,relative_path,title,alt,attach,source_url
M3 Plus,m3-plus,battery,featured,m3-plus-justccell-battery-featured.png,upload/m3-plus-justccell-battery-featured.png,M3 Plus - Justccell - Battery,M3 Plus - Justccell - Battery,Woo Product image + ACF listing card image,https://justccell.com/wp-content/uploads/2026/09/justccell-m3-plus-featured-image.png
M3B Plus,m3b-plus,battery,featured,m3b-plus-justccell-battery-featured.png,upload/m3b-plus-justccell-battery-featured.png,M3B Plus - Justccell - Battery,M3B Plus - Justccell - Battery,Woo Product image + ACF listing card image,https://justccell.com/wp-content/uploads/2026/09/justccell-m3b-plus-featured-image.png
M3B Plus,m3b-plus,battery,gallery-01,m3b-plus-justccell-battery-gallery-01.png,upload/m3b-plus-justccell-battery-gallery-01.png,M3B Plus - Justccell - Battery - Gallery 01,M3B Plus - Justccell - Battery - Gallery 01,ACF Thumbnail gallery,https://justccell.com/wp-content/uploads/2026/09/justccell-m3b-plus-product-gallery-01.png
Palm Pro,palm-pro,battery,featured,palm-pro-justccell-battery-featured.png,upload/palm-pro-justccell-battery-featured.png,Palm Pro - Justccell - Battery,Palm Pro - Justccell - Battery,Woo Product image + ACF listing card image,https://justccell.com/wp-content/uploads/2026/09/justccell-palm-pro-featured-image.png
Palm Pro,palm-pro,battery,gallery-01,palm-pro-justccell-battery-gallery-01.png,upload/palm-pro-justccell-battery-gallery-01.png,Palm Pro - Justccell - Battery - Gallery 01,Palm Pro - Justccell - Battery - Gallery 01,ACF Thumbnail gallery,https://justccell.com/wp-content/uploads/2026/09/justccell-palm-pro-product-gallery-01.png
Go Stik,go-stik,battery,featured,go-stik-justccell-battery-featured.png,upload/go-stik-justccell-battery-featured.png,Go Stik - Justccell - Battery,Go Stik - Justccell - Battery,Woo Product image + ACF listing card image,https://justccell.com/wp-content/uploads/2026/09/justccell-go-stik-featured-image.png
Go Stik,go-stik,battery,gallery-01,go-stik-justccell-battery-gallery-01.png,upload/go-stik-justccell-battery-gallery-01.png,Go Stik - Justccell - Battery - Gallery 01,Go Stik - Justccell - Battery - Gallery 01,ACF Thumbnail gallery,https://justccell.com/wp-content/uploads/2026/09/justccell-go-stik-product-gallery-01.png
Sandwave,sandwave,battery,featured,sandwave-justccell-battery-featured.png,upload/sandwave-justccell-battery-featured.png,Sandwave - Justccell - Battery,Sandwave - Justccell - Battery,Woo Product image + ACF listing card image,https://justccell.com/wp-content/uploads/2026/09/justccell-sandwave-featured-image.png
Fino,fino,battery,featured,fino-justccell-battery-featured.png,upload/fino-justccell-battery-featured.png,Fino - Justccell - Battery,Fino - Justccell - Battery,Woo Product image + ACF listing card image,https://justccell.com/wp-content/uploads/2026/09/justccell-fino-featured-image.png
Fino,fino,battery,gallery-01,fino-justccell-battery-gallery-01.png,upload/fino-justccell-battery-gallery-01.png,Fino - Justccell - Battery - Gallery 01,Fino - Justccell - Battery - Gallery 01,ACF Thumbnail gallery,https://justccell.com/wp-content/uploads/2026/09/justccell-fino-product-gallery-01.png
Stylo,stylo,battery,featured,stylo-justccell-battery-featured.png,upload/stylo-justccell-battery-featured.png,Stylo - Justccell - Battery,Stylo - Justccell - Battery,Woo Product image + ACF listing card image,https://justccell.com/wp-content/uploads/2026/09/justccell-stylo-featured-image.png
Bellos Pod,bellos-pod,pod,featured,bellos-pod-justccell-pod-featured.png,upload/bellos-pod-justccell-pod-featured.png,Bellos Pod - Justccell - Pod,Bellos Pod - Justccell - Pod,Woo Product image + ACF listing card image,https://justccell.com/wp-content/uploads/2026/09/justccell-bellos-pod-featured-image.png
Bellos Pod,bellos-pod,pod,evomax,bellos-pod-justccell-pod-evomax.jpg,upload/bellos-pod-justccell-pod-evomax.jpg,Bellos Pod - Justccell - Pod - EVOMAX,Bellos Pod - Justccell - Pod - EVOMAX,ACF EVOMAX background,https://justccell.com/wp-content/uploads/2026/09/justccell-m3-plus-evomax-background.jpg
Dart Series Pod,dart-pod,pod,featured,dart-pod-justccell-pod-featured.png,upload/dart-pod-justccell-pod-featured.png,Dart Series Pod - Justccell - Pod,Dart Series Pod - Justccell - Pod,Woo Product image + ACF listing card image,https://justccell.com/wp-content/uploads/2026/09/justccell-dart-series-pod-featured-image.png
Dart Series Pod,dart-pod,pod,evomax,dart-pod-justccell-pod-evomax.jpg,upload/dart-pod-justccell-pod-evomax.jpg,Dart Series Pod - Justccell - Pod - EVOMAX,Dart Series Pod - Justccell - Pod - EVOMAX,ACF EVOMAX background,https://justccell.com/wp-content/uploads/2026/09/justccell-m3-plus-evomax-background.jpg
Luster Pro Pod,luster-pro-pod,pod,featured,luster-pro-pod-justccell-pod-featured.png,upload/luster-pro-pod-justccell-pod-featured.png,Luster Pro Pod - Justccell - Pod,Luster Pro Pod - Justccell - Pod,Woo Product image + ACF listing card image,https://justccell.com/wp-content/uploads/2026/09/justccell-luster-pro-pod-featured-image.png
Luster Pro Pod,luster-pro-pod,pod,evomax,luster-pro-pod-justccell-pod-evomax.jpg,upload/luster-pro-pod-justccell-pod-evomax.jpg,Luster Pro Pod - Justccell - Pod - EVOMAX,Luster Pro Pod - Justccell - Pod - EVOMAX,ACF EVOMAX background,https://justccell.com/wp-content/uploads/2026/09/justccell-m3-plus-evomax-background.jpg
BELLOS,bellos,pod,featured,bellos-justccell-pod-featured.png,upload/bellos-justccell-pod-featured.png,BELLOS - Justccell - Pod,BELLOS - Justccell - Pod,Woo Product image + ACF listing card image,https://justccell.com/wp-content/uploads/2026/09/justccell-bellos-featured-image.png
BELLOS,bellos,pod,gallery-01,bellos-justccell-pod-gallery-01.png,upload/bellos-justccell-pod-gallery-01.png,BELLOS - Justccell - Pod - Gallery 01,BELLOS - Justccell - Pod - Gallery 01,ACF Thumbnail gallery,https://justccell.com/wp-content/uploads/2026/09/justccell-bellos-product-gallery-01.png
Dart,dart,pod,featured,dart-justccell-pod-featured.png,upload/dart-justccell-pod-featured.png,Dart - Justccell - Pod,Dart - Justccell - Pod,Woo Product image + ACF listing card image,https://justccell.com/wp-content/uploads/2026/09/justccell-dart-featured-image.png
Dart,dart,pod,gallery-01,dart-justccell-pod-gallery-01.png,upload/dart-justccell-pod-gallery-01.png,Dart - Justccell - Pod - Gallery 01,Dart - Justccell - Pod - Gallery 01,ACF Thumbnail gallery,https://justccell.com/wp-content/uploads/2026/09/justccell-dart-product-gallery-01.png
Dart-X,dart-x,pod,featured,dart-x-justccell-pod-featured.png,upload/dart-x-justccell-pod-featured.png,Dart-X - Justccell - Pod,Dart-X - Justccell - Pod,Woo Product image + ACF listing card image,https://justccell.com/wp-content/uploads/2026/09/justccell-dart-x-featured-image.png
Dart-X,dart-x,pod,gallery-01,dart-x-justccell-pod-gallery-01.png,upload/dart-x-justccell-pod-gallery-01.png,Dart-X - Justccell - Pod - Gallery 01,Dart-X - Justccell - Pod - Gallery 01,ACF Thumbnail gallery,https://justccell.com/wp-content/uploads/2026/09/justccell-dart-x-product-gallery-01.png
Luster Pro,luster-pro,pod,featured,luster-pro-justccell-pod-featured.png,upload/luster-pro-justccell-pod-featured.png,Luster Pro - Justccell - Pod,Luster Pro - Justccell - Pod,Woo Product image + ACF listing card image,https://justccell.com/wp-content/uploads/2026/09/justccell-luster-pro-featured-image.png
Luster Pro,luster-pro,pod,gallery-01,luster-pro-justccell-pod-gallery-01.png,upload/luster-pro-justccell-pod-gallery-01.png,Luster Pro - Justccell - Pod - Gallery 01,Luster Pro - Justccell - Pod - Gallery 01,ACF Thumbnail gallery,https://justccell.com/wp-content/uploads/2026/09/justccell-luster-pro-product-gallery-01.png
M6T-SE,m6t-se,cartridge,featured,m6t-se-justccell-cartridge-featured.png,upload/m6t-se-justccell-cartridge-featured.png,M6T-SE - Justccell - Cartridge,M6T-SE - Justccell - Cartridge,Woo Product image + ACF listing card image,https://justccell.com/wp-content/uploads/2026/09/justccell-m6t-se-featured-image.png
M6T-SE,m6t-se,cartridge,gallery-01,m6t-se-justccell-cartridge-gallery-01.png,upload/m6t-se-justccell-cartridge-gallery-01.png,M6T-SE - Justccell - Cartridge - Gallery 01,M6T-SE - Justccell - Cartridge - Gallery 01,ACF Thumbnail gallery,https://justccell.com/wp-content/uploads/2026/09/justccell-m6t-se-product-gallery-01.png
M6T-SE,m6t-se,cartridge,gallery-03,m6t-se-justccell-cartridge-gallery-03.png,upload/m6t-se-justccell-cartridge-gallery-03.png,M6T-SE - Justccell - Cartridge - Gallery 03,M6T-SE - Justccell - Cartridge - Gallery 03,ACF Thumbnail gallery,https://justccell.com/wp-content/uploads/2026/08/justccell-photo-55c61acf9c.png
M6T-SE,m6t-se,cartridge,evomax,m6t-se-justccell-cartridge-evomax.jpg,upload/m6t-se-justccell-cartridge-evomax.jpg,M6T-SE - Justccell - Cartridge - EVOMAX,M6T-SE - Justccell - Cartridge - EVOMAX,ACF EVOMAX background,https://justccell.com/wp-content/uploads/2026/09/justccell-m3-plus-evomax-background.jpg
TH2-SE,th2-se,cartridge,featured,th2-se-justccell-cartridge-featured.png,upload/th2-se-justccell-cartridge-featured.png,TH2-SE - Justccell - Cartridge,TH2-SE - Justccell - Cartridge,Woo Product image + ACF listing card image,https://justccell.com/wp-content/uploads/2026/09/justccell-th2-se-featured-image.png
TH2-SE,th2-se,cartridge,gallery-01,th2-se-justccell-cartridge-gallery-01.png,upload/th2-se-justccell-cartridge-gallery-01.png,TH2-SE - Justccell - Cartridge - Gallery 01,TH2-SE - Justccell - Cartridge - Gallery 01,ACF Thumbnail gallery,https://justccell.com/wp-content/uploads/2026/09/justccell-th2-se-product-gallery-01.png
TH2-SE,th2-se,cartridge,gallery-03,th2-se-justccell-cartridge-gallery-03.png,upload/th2-se-justccell-cartridge-gallery-03.png,TH2-SE - Justccell - Cartridge - Gallery 03,TH2-SE - Justccell - Cartridge - Gallery 03,ACF Thumbnail gallery,https://justccell.com/wp-content/uploads/2026/08/justccell-photo-e8e975b0e9.png
TH2-SE,th2-se,cartridge,gallery-04,th2-se-justccell-cartridge-gallery-04.png,upload/th2-se-justccell-cartridge-gallery-04.png,TH2-SE - Justccell - Cartridge - Gallery 04,TH2-SE - Justccell - Cartridge - Gallery 04,ACF Thumbnail gallery,https://justccell.com/wp-content/uploads/2026/08/justccell-th2-se-catalog.png
TH2-SE,th2-se,cartridge,evomax,th2-se-justccell-cartridge-evomax.jpg,upload/th2-se-justccell-cartridge-evomax.jpg,TH2-SE - Justccell - Cartridge - EVOMAX,TH2-SE - Justccell - Cartridge - EVOMAX,ACF EVOMAX background,https://justccell.com/wp-content/uploads/2026/09/justccell-m3-plus-evomax-background.jpg
M6T-EVOMAX,m6t-evomax,cartridge,featured,m6t-evomax-justccell-cartridge-featured.png,upload/m6t-evomax-justccell-cartridge-featured.png,M6T-EVOMAX - Justccell - Cartridge,M6T-EVOMAX - Justccell - Cartridge,Woo Product image + ACF listing card image,https://justccell.com/wp-content/uploads/2026/09/justccell-m6t-evomax-featured-image.png
M6T-EVOMAX,m6t-evomax,cartridge,gallery-01,m6t-evomax-justccell-cartridge-gallery-01.png,upload/m6t-evomax-justccell-cartridge-gallery-01.png,M6T-EVOMAX - Justccell - Cartridge - Gallery 01,M6T-EVOMAX - Justccell - Cartridge - Gallery 01,ACF Thumbnail gallery,https://justccell.com/wp-content/uploads/2026/09/justccell-m6t-evomax-product-gallery-01.png
M6T-EVOMAX,m6t-evomax,cartridge,evomax,m6t-evomax-justccell-cartridge-evomax.jpg,upload/m6t-evomax-justccell-cartridge-evomax.jpg,M6T-EVOMAX - Justccell - Cartridge - EVOMAX,M6T-EVOMAX - Justccell - Cartridge - EVOMAX,ACF EVOMAX background,https://justccell.com/wp-content/uploads/2026/09/justccell-m3-plus-evomax-background.jpg
TH2-EVOMAX,th2-evomax,cartridge,featured,th2-evomax-justccell-cartridge-featured.png,upload/th2-evomax-justccell-cartridge-featured.png,TH2-EVOMAX - Justccell - Cartridge,TH2-EVOMAX - Justccell - Cartridge,Woo Product image + ACF listing card image,https://justccell.com/wp-content/uploads/2026/09/justccell-th2-evomax-featured-image.png
TH2-EVOMAX,th2-evomax,cartridge,gallery-01,th2-evomax-justccell-cartridge-gallery-01.png,upload/th2-evomax-justccell-cartridge-gallery-01.png,TH2-EVOMAX - Justccell - Cartridge - Gallery 01,TH2-EVOMAX - Justccell - Cartridge - Gallery 01,ACF Thumbnail gallery,https://justccell.com/wp-content/uploads/2026/09/justccell-th2-evomax-product-gallery-01.png
TH2-EVOMAX,th2-evomax,cartridge,evomax,th2-evomax-justccell-cartridge-evomax.jpg,upload/th2-evomax-justccell-cartridge-evomax.jpg,TH2-EVOMAX - Justccell - Cartridge - EVOMAX,TH2-EVOMAX - Justccell - Cartridge - EVOMAX,ACF EVOMAX background,https://justccell.com/wp-content/uploads/2026/09/justccell-m3-plus-evomax-background.jpg
Ceramic-EVOMAX,ceramic-evomax,cartridge,featured,ceramic-evomax-justccell-cartridge-featured.png,upload/ceramic-evomax-justccell-cartridge-featured.png,Ceramic-EVOMAX - Justccell - Cartridge,Ceramic-EVOMAX - Justccell - Cartridge,Woo Product image + ACF listing card image,https://justccell.com/wp-content/uploads/2026/09/justccell-ceramic-evomax-featured-image.png
Ceramic-EVOMAX,ceramic-evomax,cartridge,gallery-01,ceramic-evomax-justccell-cartridge-gallery-01.png,upload/ceramic-evomax-justccell-cartridge-gallery-01.png,Ceramic-EVOMAX - Justccell - Cartridge - Gallery 01,Ceramic-EVOMAX - Justccell - Cartridge - Gallery 01,ACF Thumbnail gallery,https://justccell.com/wp-content/uploads/2026/09/justccell-ceramic-evomax-product-gallery-01.png
Ceramic-EVOMAX,ceramic-evomax,cartridge,evomax,ceramic-evomax-justccell-cartridge-evomax.jpg,upload/ceramic-evomax-justccell-cartridge-evomax.jpg,Ceramic-EVOMAX - Justccell - Cartridge - EVOMAX,Ceramic-EVOMAX - Justccell - Cartridge - EVOMAX,ACF EVOMAX background,https://justccell.com/wp-content/uploads/2026/09/justccell-m3-plus-evomax-background.jpg
Voca Max,voca-max,vape,featured,voca-max-justccell-vape-featured.png,upload/voca-max-justccell-vape-featured.png,Voca Max - Justccell - Vape,Voca Max - Justccell - Vape,Woo Product image + ACF listing card image,https://justccell.com/wp-content/uploads/2026/09/justccell-voca-max-featured-image.png
Voca Max,voca-max,vape,evomax,voca-max-justccell-vape-evomax.jpg,upload/voca-max-justccell-vape-evomax.jpg,Voca Max - Justccell - Vape - EVOMAX,Voca Max - Justccell - Vape - EVOMAX,ACF EVOMAX background,https://justccell.com/wp-content/uploads/2026/09/justccell-m3-plus-evomax-background.jpg
Voca Pro Max,voca-pro-max,vape,featured,voca-pro-max-justccell-vape-featured.png,upload/voca-pro-max-justccell-vape-featured.png,Voca Pro Max - Justccell - Vape,Voca Pro Max - Justccell - Vape,Woo Product image + ACF listing card image,https://justccell.com/wp-content/uploads/2026/09/justccell-voca-pro-max-featured-image.png
Voca Pro Max,voca-pro-max,vape,evomax,voca-pro-max-justccell-vape-evomax.jpg,upload/voca-pro-max-justccell-vape-evomax.jpg,Voca Pro Max - Justccell - Vape - EVOMAX,Voca Pro Max - Justccell - Vape - EVOMAX,ACF EVOMAX background,https://justccell.com/wp-content/uploads/2026/09/justccell-m3-plus-evomax-background.jpg
Vision Box,vision-box,vape,featured,vision-box-justccell-vape-featured.png,upload/vision-box-justccell-vape-featured.png,Vision Box - Justccell - Vape,Vision Box - Justccell - Vape,Woo Product image + ACF listing card image,https://justccell.com/wp-content/uploads/2026/09/justccell-vision-box-featured-image.png
Vision Box,vision-box,vape,evomax,vision-box-justccell-vape-evomax.jpg,upload/vision-box-justccell-vape-evomax.jpg,Vision Box - Justccell - Vape - EVOMAX,Vision Box - Justccell - Vape - EVOMAX,ACF EVOMAX background,https://justccell.com/wp-content/uploads/2026/09/justccell-m3-plus-evomax-background.jpg
Eco Star,eco-star,vape,featured,eco-star-justccell-vape-featured.png,upload/eco-star-justccell-vape-featured.png,Eco Star - Justccell - Vape,Eco Star - Justccell - Vape,Woo Product image + ACF listing card image,https://justccell.com/wp-content/uploads/2026/09/justccell-eco-star-featured-image.png
Eco Star,eco-star,vape,gallery-01,eco-star-justccell-vape-gallery-01.png,upload/eco-star-justccell-vape-gallery-01.png,Eco Star - Justccell - Vape - Gallery 01,Eco Star - Justccell - Vape - Gallery 01,ACF Thumbnail gallery,https://justccell.com/wp-content/uploads/2026/09/justccell-eco-star-product-gallery-01.png
Eco Star,eco-star,vape,evomax,eco-star-justccell-vape-evomax.jpg,upload/eco-star-justccell-vape-evomax.jpg,Eco Star - Justccell - Vape - EVOMAX,Eco Star - Justccell - Vape - EVOMAX,ACF EVOMAX background,https://justccell.com/wp-content/uploads/2026/09/justccell-m3-plus-evomax-background.jpg
Tank,tank,vape,featured,tank-justccell-vape-featured.png,upload/tank-justccell-vape-featured.png,Tank - Justccell - Vape,Tank - Justccell - Vape,Woo Product image + ACF listing card image,https://justccell.com/wp-content/uploads/2026/09/justccell-tank-featured-image.png
Tank,tank,vape,banner,tank-justccell-vape-banner.jpg,upload/tank-justccell-vape-banner.jpg,Tank - Justccell - Vape - Banner,Tank - Justccell - Vape - Banner,ACF Banner image,https://justccell.com/wp-content/uploads/2026/09/justccell-tank-product-banner.jpg
Tank,tank,vape,gallery-01,tank-justccell-vape-gallery-01.png,upload/tank-justccell-vape-gallery-01.png,Tank - Justccell - Vape - Gallery 01,Tank - Justccell - Vape - Gallery 01,ACF Thumbnail gallery,https://justccell.com/wp-content/uploads/2026/09/justccell-tank-product-gallery-08.png
Tank,tank,vape,gallery-02,tank-justccell-vape-gallery-02.png,upload/tank-justccell-vape-gallery-02.png,Tank - Justccell - Vape - Gallery 02,Tank - Justccell - Vape - Gallery 02,ACF Thumbnail gallery,https://justccell.com/wp-content/uploads/2026/08/justccell-tank-gallery-2.png
Tank,tank,vape,gallery-03,tank-justccell-vape-gallery-03.jpg,upload/tank-justccell-vape-gallery-03.jpg,Tank - Justccell - Vape - Gallery 03,Tank - Justccell - Vape - Gallery 03,ACF Thumbnail gallery,https://justccell.com/wp-content/uploads/2026/09/justccell-tank-spin-32.jpg
Tank,tank,vape,360-02,tank-justccell-vape-360-02.jpg,upload/tank-justccell-vape-360-02.jpg,Tank - Justccell - Vape - 360 02,Tank - Justccell - Vape - 360 02,ACF 360 spin frames,https://justccell.com/wp-content/uploads/2026/08/tank-360-01.jpg
Tank,tank,vape,360-03,tank-justccell-vape-360-03.jpg,upload/tank-justccell-vape-360-03.jpg,Tank - Justccell - Vape - 360 03,Tank - Justccell - Vape - 360 03,ACF 360 spin frames,https://justccell.com/wp-content/uploads/2026/08/tank-360-02.jpg
Tank,tank,vape,360-04,tank-justccell-vape-360-04.jpg,upload/tank-justccell-vape-360-04.jpg,Tank - Justccell - Vape - 360 04,Tank - Justccell - Vape - 360 04,ACF 360 spin frames,https://justccell.com/wp-content/uploads/2026/08/tank-360-03.jpg
Tank,tank,vape,360-05,tank-justccell-vape-360-05.jpg,upload/tank-justccell-vape-360-05.jpg,Tank - Justccell - Vape - 360 05,Tank - Justccell - Vape - 360 05,ACF 360 spin frames,https://justccell.com/wp-content/uploads/2026/08/tank-360-04.jpg
Tank,tank,vape,360-06,tank-justccell-vape-360-06.jpg,upload/tank-justccell-vape-360-06.jpg,Tank - Justccell - Vape - 360 06,Tank - Justccell - Vape - 360 06,ACF 360 spin frames,https://justccell.com/wp-content/uploads/2026/08/tank-360-05.jpg
Tank,tank,vape,360-07,tank-justccell-vape-360-07.jpg,upload/tank-justccell-vape-360-07.jpg,Tank - Justccell - Vape - 360 07,Tank - Justccell - Vape - 360 07,ACF 360 spin frames,https://justccell.com/wp-content/uploads/2026/08/tank-360-06.jpg
Tank,tank,vape,360-08,tank-justccell-vape-360-08.jpg,upload/tank-justccell-vape-360-08.jpg,Tank - Justccell - Vape - 360 08,Tank - Justccell - Vape - 360 08,ACF 360 spin frames,https://justccell.com/wp-content/uploads/2026/08/tank-360-07.jpg
Tank,tank,vape,360-09,tank-justccell-vape-360-09.jpg,upload/tank-justccell-vape-360-09.jpg,Tank - Justccell - Vape - 360 09,Tank - Justccell - Vape - 360 09,ACF 360 spin frames,https://justccell.com/wp-content/uploads/2026/08/tank-360-08.jpg
Tank,tank,vape,360-10,tank-justccell-vape-360-10.jpg,upload/tank-justccell-vape-360-10.jpg,Tank - Justccell - Vape - 360 10,Tank - Justccell - Vape - 360 10,ACF 360 spin frames,https://justccell.com/wp-content/uploads/2026/08/tank-360-09.jpg
Tank,tank,vape,360-11,tank-justccell-vape-360-11.jpg,upload/tank-justccell-vape-360-11.jpg,Tank - Justccell - Vape - 360 11,Tank - Justccell - Vape - 360 11,ACF 360 spin frames,https://justccell.com/wp-content/uploads/2026/08/tank-360-10.jpg
Tank,tank,vape,360-12,tank-justccell-vape-360-12.jpg,upload/tank-justccell-vape-360-12.jpg,Tank - Justccell - Vape - 360 12,Tank - Justccell - Vape - 360 12,ACF 360 spin frames,https://justccell.com/wp-content/uploads/2026/08/tank-360-11.jpg
Tank,tank,vape,360-13,tank-justccell-vape-360-13.jpg,upload/tank-justccell-vape-360-13.jpg,Tank - Justccell - Vape - 360 13,Tank - Justccell - Vape - 360 13,ACF 360 spin frames,https://justccell.com/wp-content/uploads/2026/08/tank-360-12.jpg
Tank,tank,vape,360-14,tank-justccell-vape-360-14.jpg,upload/tank-justccell-vape-360-14.jpg,Tank - Justccell - Vape - 360 14,Tank - Justccell - Vape - 360 14,ACF 360 spin frames,https://justccell.com/wp-content/uploads/2026/08/tank-360-13.jpg
Tank,tank,vape,360-15,tank-justccell-vape-360-15.jpg,upload/tank-justccell-vape-360-15.jpg,Tank - Justccell - Vape - 360 15,Tank - Justccell - Vape - 360 15,ACF 360 spin frames,https://justccell.com/wp-content/uploads/2026/08/tank-360-14.jpg
Tank,tank,vape,360-16,tank-justccell-vape-360-16.jpg,upload/tank-justccell-vape-360-16.jpg,Tank - Justccell - Vape - 360 16,Tank - Justccell - Vape - 360 16,ACF 360 spin frames,https://justccell.com/wp-content/uploads/2026/08/tank-360-15.jpg
Tank,tank,vape,360-17,tank-justccell-vape-360-17.jpg,upload/tank-justccell-vape-360-17.jpg,Tank - Justccell - Vape - 360 17,Tank - Justccell - Vape - 360 17,ACF 360 spin frames,https://justccell.com/wp-content/uploads/2026/08/tank-360-16.jpg
Tank,tank,vape,360-18,tank-justccell-vape-360-18.jpg,upload/tank-justccell-vape-360-18.jpg,Tank - Justccell - Vape - 360 18,Tank - Justccell - Vape - 360 18,ACF 360 spin frames,https://justccell.com/wp-content/uploads/2026/08/tank-360-17.jpg
Tank,tank,vape,360-19,tank-justccell-vape-360-19.jpg,upload/tank-justccell-vape-360-19.jpg,Tank - Justccell - Vape - 360 19,Tank - Justccell - Vape - 360 19,ACF 360 spin frames,https://justccell.com/wp-content/uploads/2026/08/tank-360-18.jpg
Tank,tank,vape,360-20,tank-justccell-vape-360-20.jpg,upload/tank-justccell-vape-360-20.jpg,Tank - Justccell - Vape - 360 20,Tank - Justccell - Vape - 360 20,ACF 360 spin frames,https://justccell.com/wp-content/uploads/2026/08/tank-360-19.jpg
Tank,tank,vape,360-21,tank-justccell-vape-360-21.jpg,upload/tank-justccell-vape-360-21.jpg,Tank - Justccell - Vape - 360 21,Tank - Justccell - Vape - 360 21,ACF 360 spin frames,https://justccell.com/wp-content/uploads/2026/08/tank-360-20.jpg
Tank,tank,vape,360-22,tank-justccell-vape-360-22.jpg,upload/tank-justccell-vape-360-22.jpg,Tank - Justccell - Vape - 360 22,Tank - Justccell - Vape - 360 22,ACF 360 spin frames,https://justccell.com/wp-content/uploads/2026/08/tank-360-21.jpg
Tank,tank,vape,360-23,tank-justccell-vape-360-23.jpg,upload/tank-justccell-vape-360-23.jpg,Tank - Justccell - Vape - 360 23,Tank - Justccell - Vape - 360 23,ACF 360 spin frames,https://justccell.com/wp-content/uploads/2026/08/tank-360-22.jpg
Tank,tank,vape,360-24,tank-justccell-vape-360-24.jpg,upload/tank-justccell-vape-360-24.jpg,Tank - Justccell - Vape - 360 24,Tank - Justccell - Vape - 360 24,ACF 360 spin frames,https://justccell.com/wp-content/uploads/2026/08/tank-360-23.jpg
Tank,tank,vape,360-25,tank-justccell-vape-360-25.jpg,upload/tank-justccell-vape-360-25.jpg,Tank - Justccell - Vape - 360 25,Tank - Justccell - Vape - 360 25,ACF 360 spin frames,https://justccell.com/wp-content/uploads/2026/08/tank-360-24.jpg
Tank,tank,vape,360-26,tank-justccell-vape-360-26.jpg,upload/tank-justccell-vape-360-26.jpg,Tank - Justccell - Vape - 360 26,Tank - Justccell - Vape - 360 26,ACF 360 spin frames,https://justccell.com/wp-content/uploads/2026/08/tank-360-25.jpg
Tank,tank,vape,360-27,tank-justccell-vape-360-27.jpg,upload/tank-justccell-vape-360-27.jpg,Tank - Justccell - Vape - 360 27,Tank - Justccell - Vape - 360 27,ACF 360 spin frames,https://justccell.com/wp-content/uploads/2026/08/tank-360-26.jpg
Tank,tank,vape,360-28,tank-justccell-vape-360-28.jpg,upload/tank-justccell-vape-360-28.jpg,Tank - Justccell - Vape - 360 28,Tank - Justccell - Vape - 360 28,ACF 360 spin frames,https://justccell.com/wp-content/uploads/2026/08/tank-360-27.jpg
Tank,tank,vape,360-29,tank-justccell-vape-360-29.jpg,upload/tank-justccell-vape-360-29.jpg,Tank - Justccell - Vape - 360 29,Tank - Justccell - Vape - 360 29,ACF 360 spin frames,https://justccell.com/wp-content/uploads/2026/08/tank-360-28.jpg
Tank,tank,vape,360-30,tank-justccell-vape-360-30.jpg,upload/tank-justccell-vape-360-30.jpg,Tank - Justccell - Vape - 360 30,Tank - Justccell - Vape - 360 30,ACF 360 spin frames,https://justccell.com/wp-content/uploads/2026/08/tank-360-29.jpg
Tank,tank,vape,360-31,tank-justccell-vape-360-31.jpg,upload/tank-justccell-vape-360-31.jpg,Tank - Justccell - Vape - 360 31,Tank - Justccell - Vape - 360 31,ACF 360 spin frames,https://justccell.com/wp-content/uploads/2026/08/tank-360-30.jpg
Tank,tank,vape,360-32,tank-justccell-vape-360-32.jpg,upload/tank-justccell-vape-360-32.jpg,Tank - Justccell - Vape - 360 32,Tank - Justccell - Vape - 360 32,ACF 360 spin frames,https://justccell.com/wp-content/uploads/2026/08/tank-360-31.jpg
Tank,tank,vape,360-33,tank-justccell-vape-360-33.jpg,upload/tank-justccell-vape-360-33.jpg,Tank - Justccell - Vape - 360 33,Tank - Justccell - Vape - 360 33,ACF 360 spin frames,https://justccell.com/wp-content/uploads/2026/08/tank-360-32.jpg
Tank,tank,vape,360-34,tank-justccell-vape-360-34.jpg,upload/tank-justccell-vape-360-34.jpg,Tank - Justccell - Vape - 360 34,Tank - Justccell - Vape - 360 34,ACF 360 spin frames,https://justccell.com/wp-content/uploads/2026/08/tank-360-33.jpg
Tank,tank,vape,360-35,tank-justccell-vape-360-35.jpg,upload/tank-justccell-vape-360-35.jpg,Tank - Justccell - Vape - 360 35,Tank - Justccell - Vape - 360 35,ACF 360 spin frames,https://justccell.com/wp-content/uploads/2026/08/tank-360-34.jpg
Tank,tank,vape,360-36,tank-justccell-vape-360-36.jpg,upload/tank-justccell-vape-360-36.jpg,Tank - Justccell - Vape - 360 36,Tank - Justccell - Vape - 360 36,ACF 360 spin frames,https://justccell.com/wp-content/uploads/2026/08/tank-360-35.jpg
Tank,tank,vape,feature-01,tank-justccell-vape-feature-01.jpg,upload/tank-justccell-vape-feature-01.jpg,Tank - Justccell - Vape - Feature 01,Tank - Justccell - Vape - Feature 01,ACF Feature slider,https://justccell.com/wp-content/uploads/2026/08/justccell-tank-miniature-design.jpg
Tank,tank,vape,feature-02,tank-justccell-vape-feature-02.jpg,upload/tank-justccell-vape-feature-02.jpg,Tank - Justccell - Vape - Feature 02,Tank - Justccell - Vape - Feature 02,ACF Feature slider,https://justccell.com/wp-content/uploads/2026/08/justccell-tank-oil-compatibility.jpg
Tank,tank,vape,feature-03,tank-justccell-vape-feature-03.jpg,upload/tank-justccell-vape-feature-03.jpg,Tank - Justccell - Vape - Feature 03,Tank - Justccell - Vape - Feature 03,ACF Feature slider,https://justccell.com/wp-content/uploads/2026/08/justccell-tank-leak-switch.jpg
Tank,tank,vape,feature-04,tank-justccell-vape-feature-04.jpg,upload/tank-justccell-vape-feature-04.jpg,Tank - Justccell - Vape - Feature 04,Tank - Justccell - Vape - Feature 04,ACF Feature slider,https://justccell.com/wp-content/uploads/2026/08/justccell-tank-voltage-settings.jpg
Tank,tank,vape,feature-05,tank-justccell-vape-feature-05.jpg,upload/tank-justccell-vape-feature-05.jpg,Tank - Justccell - Vape - Feature 05,Tank - Justccell - Vape - Feature 05,ACF Feature slider,https://justccell.com/wp-content/uploads/2026/09/justccell-tank-feature-image-02.jpg
Tank,tank,vape,evomax,tank-justccell-vape-evomax.jpg,upload/tank-justccell-vape-evomax.jpg,Tank - Justccell - Vape - EVOMAX,Tank - Justccell - Vape - EVOMAX,ACF EVOMAX background,https://justccell.com/wp-content/uploads/2026/09/justccell-m3-plus-evomax-background.jpg
Tank,tank,vape,detail-01,tank-justccell-vape-detail-01.png,upload/tank-justccell-vape-detail-01.png,Tank - Justccell - Vape - Detail 01,Tank - Justccell - Vape - Detail 01,ACF Detail mosaic,https://justccell.com/wp-content/uploads/2026/09/justccell-tank-detail-1.png
Tank,tank,vape,detail-02,tank-justccell-vape-detail-02.jpg,upload/tank-justccell-vape-detail-02.jpg,Tank - Justccell - Vape - Detail 02,Tank - Justccell - Vape - Detail 02,ACF Detail mosaic,https://justccell.com/wp-content/uploads/2026/09/justccell-tank-detail-3.jpg
Flexcell X,flexcell-x,vape,featured,flexcell-x-justccell-vape-featured.png,upload/flexcell-x-justccell-vape-featured.png,Flexcell X - Justccell - Vape,Flexcell X - Justccell - Vape,Woo Product image + ACF listing card image,https://justccell.com/wp-content/uploads/2026/09/justccell-flexcell-x-featured-image.png
Flexcell X,flexcell-x,vape,gallery-02,flexcell-x-justccell-vape-gallery-02.png,upload/flexcell-x-justccell-vape-gallery-02.png,Flexcell X - Justccell - Vape - Gallery 02,Flexcell X - Justccell - Vape - Gallery 02,ACF Thumbnail gallery,https://justccell.com/wp-content/uploads/2026/09/justccell-flexcell-x-product-gallery-02.png
Flexcell X,flexcell-x,vape,gallery-03,flexcell-x-justccell-vape-gallery-03.png,upload/flexcell-x-justccell-vape-gallery-03.png,Flexcell X - Justccell - Vape - Gallery 03,Flexcell X - Justccell - Vape - Gallery 03,ACF Thumbnail gallery,https://justccell.com/wp-content/uploads/2026/08/justccell-photo-9bf76028cf.png
Flexcell X,flexcell-x,vape,evomax,flexcell-x-justccell-vape-evomax.jpg,upload/flexcell-x-justccell-vape-evomax.jpg,Flexcell X - Justccell - Vape - EVOMAX,Flexcell X - Justccell - Vape - EVOMAX,ACF EVOMAX background,https://justccell.com/wp-content/uploads/2026/09/justccell-m3-plus-evomax-background.jpg
Slym,slym,vape,featured,slym-justccell-vape-featured.png,upload/slym-justccell-vape-featured.png,Slym - Justccell - Vape,Slym - Justccell - Vape,Woo Product image + ACF listing card image,https://justccell.com/wp-content/uploads/2026/09/justccell-slym-featured-image.png
Slym,slym,vape,gallery-01,slym-justccell-vape-gallery-01.png,upload/slym-justccell-vape-gallery-01.png,Slym - Justccell - Vape - Gallery 01,Slym - Justccell - Vape - Gallery 01,ACF Thumbnail gallery,https://justccell.com/wp-content/uploads/2026/09/justccell-slym-product-gallery-01.png
Slym,slym,vape,evomax,slym-justccell-vape-evomax.jpg,upload/slym-justccell-vape-evomax.jpg,Slym - Justccell - Vape - EVOMAX,Slym - Justccell - Vape - EVOMAX,ACF EVOMAX background,https://justccell.com/wp-content/uploads/2026/09/justccell-m3-plus-evomax-background.jpg
Blanc,blanc,vape,featured,blanc-justccell-vape-featured.png,upload/blanc-justccell-vape-featured.png,Blanc - Justccell - Vape,Blanc - Justccell - Vape,Woo Product image + ACF listing card image,https://justccell.com/wp-content/uploads/2026/09/justccell-blanc-featured-image.png
Blanc,blanc,vape,gallery-01,blanc-justccell-vape-gallery-01.png,upload/blanc-justccell-vape-gallery-01.png,Blanc - Justccell - Vape - Gallery 01,Blanc - Justccell - Vape - Gallery 01,ACF Thumbnail gallery,https://justccell.com/wp-content/uploads/2026/09/justccell-blanc-product-gallery-01.png
Blanc,blanc,vape,gallery-03,blanc-justccell-vape-gallery-03.png,upload/blanc-justccell-vape-gallery-03.png,Blanc - Justccell - Vape - Gallery 03,Blanc - Justccell - Vape - Gallery 03,ACF Thumbnail gallery,https://justccell.com/wp-content/uploads/2026/08/justccell-blanc-catalog.png
Blanc,blanc,vape,evomax,blanc-justccell-vape-evomax.jpg,upload/blanc-justccell-vape-evomax.jpg,Blanc - Justccell - Vape - EVOMAX,Blanc - Justccell - Vape - EVOMAX,ACF EVOMAX background,https://justccell.com/wp-content/uploads/2026/09/justccell-m3-plus-evomax-background.jpg
Voca Pro,voca-pro,vape,featured,voca-pro-justccell-vape-featured.png,upload/voca-pro-justccell-vape-featured.png,Voca Pro - Justccell - Vape,Voca Pro - Justccell - Vape,Woo Product image + ACF listing card image,https://justccell.com/wp-content/uploads/2026/09/justccell-voca-pro-featured-image.png
Voca Pro,voca-pro,vape,gallery-01,voca-pro-justccell-vape-gallery-01.png,upload/voca-pro-justccell-vape-gallery-01.png,Voca Pro - Justccell - Vape - Gallery 01,Voca Pro - Justccell - Vape - Gallery 01,ACF Thumbnail gallery,https://justccell.com/wp-content/uploads/2026/09/justccell-voca-pro-product-gallery-01.png
Voca Pro,voca-pro,vape,gallery-03,voca-pro-justccell-vape-gallery-03.png,upload/voca-pro-justccell-vape-gallery-03.png,Voca Pro - Justccell - Vape - Gallery 03,Voca Pro - Justccell - Vape - Gallery 03,ACF Thumbnail gallery,https://justccell.com/wp-content/uploads/2026/08/justccell-voca-pro-catalog.png
Voca Pro,voca-pro,vape,feature-01,voca-pro-justccell-vape-feature-01.jpg,upload/voca-pro-justccell-vape-feature-01.jpg,Voca Pro - Justccell - Vape - Feature 01,Voca Pro - Justccell - Vape - Feature 01,ACF Feature slider,https://justccell.com/wp-content/uploads/2026/09/justccell-voca-pro-feature-image-06.jpg
Voca Pro,voca-pro,vape,evomax,voca-pro-justccell-vape-evomax.jpg,upload/voca-pro-justccell-vape-evomax.jpg,Voca Pro - Justccell - Vape - EVOMAX,Voca Pro - Justccell - Vape - EVOMAX,ACF EVOMAX background,https://justccell.com/wp-content/uploads/2026/09/justccell-m3-plus-evomax-background.jpg
Flexcell Pro,flexcell-pro,vape,featured,flexcell-pro-justccell-vape-featured.png,upload/flexcell-pro-justccell-vape-featured.png,Flexcell Pro - Justccell - Vape,Flexcell Pro - Justccell - Vape,Woo Product image + ACF listing card image,https://justccell.com/wp-content/uploads/2026/09/justccell-flexcell-pro-featured-image.png
Flexcell Pro,flexcell-pro,vape,feature-01,flexcell-pro-justccell-vape-feature-01.jpg,upload/flexcell-pro-justccell-vape-feature-01.jpg,Flexcell Pro - Justccell - Vape - Feature 01,Flexcell Pro - Justccell - Vape - Feature 01,ACF Feature slider,https://justccell.com/wp-content/uploads/2026/09/justccell-voca-pro-feature-image-06.jpg
Flexcell Pro,flexcell-pro,vape,evomax,flexcell-pro-justccell-vape-evomax.jpg,upload/flexcell-pro-justccell-vape-evomax.jpg,Flexcell Pro - Justccell - Vape - EVOMAX,Flexcell Pro - Justccell - Vape - EVOMAX,ACF EVOMAX background,https://justccell.com/wp-content/uploads/2026/09/justccell-m3-plus-evomax-background.jpg
Vision Box Elite,vision-box-elite,vape,featured,vision-box-elite-justccell-vape-featured.png,upload/vision-box-elite-justccell-vape-featured.png,Vision Box Elite - Justccell - Vape,Vision Box Elite - Justccell - Vape,Woo Product image + ACF listing card image,https://justccell.com/wp-content/uploads/2026/09/justccell-vision-box-elite-featured-image.png
Vision Box Elite,vision-box-elite,vape,evomax,vision-box-elite-justccell-vape-evomax.jpg,upload/vision-box-elite-justccell-vape-evomax.jpg,Vision Box Elite - Justccell - Vape - EVOMAX,Vision Box Elite - Justccell - Vape - EVOMAX,ACF EVOMAX background,https://justccell.com/wp-content/uploads/2026/09/justccell-m3-plus-evomax-background.jpg
Rosin Bar,rosin-bar,vape,featured,rosin-bar-justccell-vape-featured.png,upload/rosin-bar-justccell-vape-featured.png,Rosin Bar - Justccell - Vape,Rosin Bar - Justccell - Vape,Woo Product image + ACF listing card image,https://justccell.com/wp-content/uploads/2026/09/justccell-rosin-bar-featured-image.png
Rosin Bar,rosin-bar,vape,gallery-01,rosin-bar-justccell-vape-gallery-01.png,upload/rosin-bar-justccell-vape-gallery-01.png,Rosin Bar - Justccell - Vape - Gallery 01,Rosin Bar - Justccell - Vape - Gallery 01,ACF Thumbnail gallery,https://justccell.com/wp-content/uploads/2026/09/justccell-rosin-bar-product-gallery-01.png
Rosin Bar,rosin-bar,vape,evomax,rosin-bar-justccell-vape-evomax.jpg,upload/rosin-bar-justccell-vape-evomax.jpg,Rosin Bar - Justccell - Vape - EVOMAX,Rosin Bar - Justccell - Vape - EVOMAX,ACF EVOMAX background,https://justccell.com/wp-content/uploads/2026/09/justccell-m3-plus-evomax-background.jpg
Listo,listo,vape,featured,listo-justccell-vape-featured.png,upload/listo-justccell-vape-featured.png,Listo - Justccell - Vape,Listo - Justccell - Vape,Woo Product image + ACF listing card image,https://justccell.com/wp-content/uploads/2026/09/justccell-listo-featured-image.png
Listo,listo,vape,evomax,listo-justccell-vape-evomax.jpg,upload/listo-justccell-vape-evomax.jpg,Listo - Justccell - Vape - EVOMAX,Listo - Justccell - Vape - EVOMAX,ACF EVOMAX background,https://justccell.com/wp-content/uploads/2026/09/justccell-m3-plus-evomax-background.jpg
Skye II,skye-ii,vape,featured,skye-ii-justccell-vape-featured.png,upload/skye-ii-justccell-vape-featured.png,Skye II - Justccell - Vape,Skye II - Justccell - Vape,Woo Product image + ACF listing card image,https://justccell.com/wp-content/uploads/2026/09/justccell-skye-ii-featured-image.png
Skye II,skye-ii,vape,evomax,skye-ii-justccell-vape-evomax.jpg,upload/skye-ii-justccell-vape-evomax.jpg,Skye II - Justccell - Vape - EVOMAX,Skye II - Justccell - Vape - EVOMAX,ACF EVOMAX background,https://justccell.com/wp-content/uploads/2026/09/justccell-m3-plus-evomax-background.jpg
DS01 Series,ds0103,vape,featured,ds0103-justccell-vape-featured.png,upload/ds0103-justccell-vape-featured.png,DS01 Series - Justccell - Vape,DS01 Series - Justccell - Vape,Woo Product image + ACF listing card image,https://justccell.com/wp-content/uploads/2026/09/justccell-ds01-series-featured-image.png
DS01 Series,ds0103,vape,evomax,ds0103-justccell-vape-evomax.jpg,upload/ds0103-justccell-vape-evomax.jpg,DS01 Series - Justccell - Vape - EVOMAX,DS01 Series - Justccell - Vape - EVOMAX,ACF EVOMAX background,https://justccell.com/wp-content/uploads/2026/09/justccell-m3-plus-evomax-background.jpg
Flexcell,flexcell,vape,featured,flexcell-justccell-vape-featured.png,upload/flexcell-justccell-vape-featured.png,Flexcell - Justccell - Vape,Flexcell - Justccell - Vape,Woo Product image + ACF listing card image,https://justccell.com/wp-content/uploads/2026/09/justccell-flexcell-featured-image.png
Flexcell,flexcell,vape,banner,flexcell-justccell-vape-banner.jpg,upload/flexcell-justccell-vape-banner.jpg,Flexcell - Justccell - Vape - Banner,Flexcell - Justccell - Vape - Banner,ACF Banner image,https://justccell.com/wp-content/uploads/2026/09/justccell-flexcell-product-banner.jpg
Flexcell,flexcell,vape,gallery-02,flexcell-justccell-vape-gallery-02.png,upload/flexcell-justccell-vape-gallery-02.png,Flexcell - Justccell - Vape - Gallery 02,Flexcell - Justccell - Vape - Gallery 02,ACF Thumbnail gallery,https://justccell.com/wp-content/uploads/2026/09/justccell-flexcell-product-gallery-03.png
Flexcell,flexcell,vape,gallery-03,flexcell-justccell-vape-gallery-03.png,upload/flexcell-justccell-vape-gallery-03.png,Flexcell - Justccell - Vape - Gallery 03,Flexcell - Justccell - Vape - Gallery 03,ACF Thumbnail gallery,https://justccell.com/wp-content/uploads/2026/08/justccell-photo-7b196ca75a-1.png
Flexcell,flexcell,vape,gallery-04,flexcell-justccell-vape-gallery-04.png,upload/flexcell-justccell-vape-gallery-04.png,Flexcell - Justccell - Vape - Gallery 04,Flexcell - Justccell - Vape - Gallery 04,ACF Thumbnail gallery,https://justccell.com/wp-content/uploads/2026/08/justccell-photo-72ea503de8-1.png
Flexcell,flexcell,vape,gallery-05,flexcell-justccell-vape-gallery-05.png,upload/flexcell-justccell-vape-gallery-05.png,Flexcell - Justccell - Vape - Gallery 05,Flexcell - Justccell - Vape - Gallery 05,ACF Thumbnail gallery,https://justccell.com/wp-content/uploads/2026/08/justccell-photo-ff9462da76-2.png
Flexcell,flexcell,vape,gallery-06,flexcell-justccell-vape-gallery-06.png,upload/flexcell-justccell-vape-gallery-06.png,Flexcell - Justccell - Vape - Gallery 06,Flexcell - Justccell - Vape - Gallery 06,ACF Thumbnail gallery,https://justccell.com/wp-content/uploads/2026/08/justccell-photo-10aa9b2649-1.png
Flexcell,flexcell,vape,gallery-07,flexcell-justccell-vape-gallery-07.png,upload/flexcell-justccell-vape-gallery-07.png,Flexcell - Justccell - Vape - Gallery 07,Flexcell - Justccell - Vape - Gallery 07,ACF Thumbnail gallery,https://justccell.com/wp-content/uploads/2026/08/justccell-photo-537ec63514-1.png
Flexcell,flexcell,vape,gallery-08,flexcell-justccell-vape-gallery-08.png,upload/flexcell-justccell-vape-gallery-08.png,Flexcell - Justccell - Vape - Gallery 08,Flexcell - Justccell - Vape - Gallery 08,ACF Thumbnail gallery,https://justccell.com/wp-content/uploads/2026/08/justccell-photo-35b8b8c8ec.png
Flexcell,flexcell,vape,gallery-09,flexcell-justccell-vape-gallery-09.png,upload/flexcell-justccell-vape-gallery-09.png,Flexcell - Justccell - Vape - Gallery 09,Flexcell - Justccell - Vape - Gallery 09,ACF Thumbnail gallery,https://justccell.com/wp-content/uploads/2026/08/justccell-photo-6819155906-2.png
Flexcell,flexcell,vape,feature-01,flexcell-justccell-vape-feature-01.png,upload/flexcell-justccell-vape-feature-01.png,Flexcell - Justccell - Vape - Feature 01,Flexcell - Justccell - Vape - Feature 01,ACF Feature slider,https://justccell.com/wp-content/uploads/2026/09/justccell-flexcell-feature-image.png
Flexcell,flexcell,vape,feature-02,flexcell-justccell-vape-feature-02.jpg,upload/flexcell-justccell-vape-feature-02.jpg,Flexcell - Justccell - Vape - Feature 02,Flexcell - Justccell - Vape - Feature 02,ACF Feature slider,https://justccell.com/wp-content/uploads/2026/09/justccell-flexcell-feature-image-02.jpg
Flexcell,flexcell,vape,feature-03,flexcell-justccell-vape-feature-03.png,upload/flexcell-justccell-vape-feature-03.png,Flexcell - Justccell - Vape - Feature 03,Flexcell - Justccell - Vape - Feature 03,ACF Feature slider,https://justccell.com/wp-content/uploads/2026/08/justccell-photo-6196f54754.png
Flexcell,flexcell,vape,feature-04,flexcell-justccell-vape-feature-04.jpg,upload/flexcell-justccell-vape-feature-04.jpg,Flexcell - Justccell - Vape - Feature 04,Flexcell - Justccell - Vape - Feature 04,ACF Feature slider,https://justccell.com/wp-content/uploads/2026/09/justccell-voca-pro-feature-image-06.jpg
Flexcell,flexcell,vape,evomax,flexcell-justccell-vape-evomax.jpg,upload/flexcell-justccell-vape-evomax.jpg,Flexcell - Justccell - Vape - EVOMAX,Flexcell - Justccell - Vape - EVOMAX,ACF EVOMAX background,https://justccell.com/wp-content/uploads/2026/09/justccell-m3-plus-evomax-background.jpg
Flexcell,flexcell,vape,detail-01,flexcell-justccell-vape-detail-01.png,upload/flexcell-justccell-vape-detail-01.png,Flexcell - Justccell - Vape - Detail 01,Flexcell - Justccell - Vape - Detail 01,ACF Detail mosaic,https://justccell.com/wp-content/uploads/2026/09/justccell-photo-47a3b1046c-1.png
Flexcell,flexcell,vape,detail-02,flexcell-justccell-vape-detail-02.jpg,upload/flexcell-justccell-vape-detail-02.jpg,Flexcell - Justccell - Vape - Detail 02,Flexcell - Justccell - Vape - Detail 02,ACF Detail mosaic,https://justccell.com/wp-content/uploads/2026/09/justccell-photo-bab48cd096-1.jpg
Flexcell,flexcell,vape,detail-03,flexcell-justccell-vape-detail-03.jpg,upload/flexcell-justccell-vape-detail-03.jpg,Flexcell - Justccell - Vape - Detail 03,Flexcell - Justccell - Vape - Detail 03,ACF Detail mosaic,https://justccell.com/wp-content/uploads/2026/09/justccell-photo-7c598161d3-1.jpg
Voca,voca,vape,featured,voca-justccell-vape-featured.png,upload/voca-justccell-vape-featured.png,Voca - Justccell - Vape,Voca - Justccell - Vape,Woo Product image + ACF listing card image,https://justccell.com/wp-content/uploads/2026/09/justccell-voca-featured-image.png
Voca,voca,vape,feature-01,voca-justccell-vape-feature-01.jpg,upload/voca-justccell-vape-feature-01.jpg,Voca - Justccell - Vape - Feature 01,Voca - Justccell - Vape - Feature 01,ACF Feature slider,https://justccell.com/wp-content/uploads/2026/09/justccell-voca-pro-feature-image-06.jpg
Voca,voca,vape,evomax,voca-justccell-vape-evomax.jpg,upload/voca-justccell-vape-evomax.jpg,Voca - Justccell - Vape - EVOMAX,Voca - Justccell - Vape - EVOMAX,ACF EVOMAX background,https://justccell.com/wp-content/uploads/2026/09/justccell-m3-plus-evomax-background.jpg
Mini Tank,mini-tank,vape,featured,mini-tank-justccell-vape-featured.png,upload/mini-tank-justccell-vape-featured.png,Mini Tank - Justccell - Vape,Mini Tank - Justccell - Vape,Woo Product image + ACF listing card image,https://justccell.com/wp-content/uploads/2026/09/justccell-mini-tank-featured-image.png
Mini Tank,mini-tank,vape,banner,mini-tank-justccell-vape-banner.png,upload/mini-tank-justccell-vape-banner.png,Mini Tank - Justccell - Vape - Banner,Mini Tank - Justccell - Vape - Banner,ACF Banner image,https://justccell.com/wp-content/uploads/2026/09/justccell-image-270293-1.png
Mini Tank,mini-tank,vape,gallery-01,mini-tank-justccell-vape-gallery-01.png,upload/mini-tank-justccell-vape-gallery-01.png,Mini Tank - Justccell - Vape - Gallery 01,Mini Tank - Justccell - Vape - Gallery 01,ACF Thumbnail gallery,https://justccell.com/wp-content/uploads/2026/09/justccell-mini-tank-product-gallery-01.png
Mini Tank,mini-tank,vape,evomax,mini-tank-justccell-vape-evomax.jpg,upload/mini-tank-justccell-vape-evomax.jpg,Mini Tank - Justccell - Vape - EVOMAX,Mini Tank - Justccell - Vape - EVOMAX,ACF EVOMAX background,https://justccell.com/wp-content/uploads/2026/09/justccell-m3-plus-evomax-background.jpg
